Site,Date,Weather,Temperature,Time,Treatment,Plant,Position,Plant_Species,Height(meters),0(percent herbivory),less10(percent herbivory),10to50(percent herbivory),>greater50(percent herbivory),100(percent herbivory),herb_leaves,total_leaves,Stress,Total_Herbivory,Herbivory_not_including_100,Herbiv.AT,Plot_Classification
1JM1,27-May,sunny,70,10:43,AcnArbCasDec,3,Outside,AcnArb,0.9,0,46,4,0,22,50,72,No,0.386111111,0.116,0.386111111,Hetero.diff
1JM1,27-May,sunny,70,10:43,AcnArbCasDec,3,Outside,AcnArb,0.9,0,14,2,0,17,16,33,No,0.575757576,0.125,0.575757576,Hetero.diff
1JM1,27-May,sunny,70,10:43,AcnArbCasDec,3,Outside,AcnArb,0.9,0,68,2,0,17,70,87,No,0.28045977,0.105714286,0.28045977,Hetero.diff
1JM1,27-May,sunny,70,10:43,AcnArbCasDec,4,Inside,AcnArb,0.9,4,48,4,0,15,52,71,No,0.295774648,0.107142857,0.295774648,Hetero.diff
1JM1,27-May,sunny,70,10:43,AcnArbCasDec,4,Inside,AcnArb,0.9,0,23,1,0,2,24,26,No,0.176923077,0.108333333,0.176923077,Hetero.diff
1JM1,27-May,sunny,70,10:43,AcnArbCasDec,4,Inside,AcnArb,0.9,0,48,2,1,16,51,67,No,0.330597015,0.120588235,0.330597015,Hetero.diff
1JM1,27-May,sunny,79,16:30,AcnArb,1,Outside,AcnArb,1.9,0,1,0,0,44,1,45,No,0.98,0.1,0.98,Intra
1JM1,27-May,sunny,79,16:30,AcnArb,1,Outside,AcnArb,1.9,0,0,0,0,43,0,43,No,1,0,1,Intra
1JM1,27-May,sunny,79,16:30,AcnArb,1,Outside,AcnArb,1.9,0,2,5,3,33,10,43,No,0.859302326,0.395,0.859302326,Intra
1JM1,27-May,sunny,79,16:30,AcnArb,2,Inside,AcnArb,1.4,0,0,0,0,31,0,31,No,1,0,1,Intra
1JM1,27-May,sunny,79,16:30,AcnArb,2,Inside,AcnArb,1.4,0,0,0,0,25,0,25,No,1,0,1,Intra
1JM1,27-May,sunny,79,16:30,AcnArb,2,Inside,AcnArb,1.4,0,0,0,0,29,0,29,No,1,0,1,Intra
1JM1,27-May,sunny,79,16:30,AcnArb,3,Inside,AcnArb,1.8,0,0,0,0,27,0,27,No,1,0,1,Intra
1JM1,27-May,sunny,79,16:30,AcnArb,3,Inside,AcnArb,1.8,0,0,3,10,37,13,50,No,0.908,0.646153846,0.908,Intra
1JM1,27-May,sunny,79,16:30,AcnArb,3,Inside,AcnArb,1.8,0,1,3,7,64,11,75,No,0.936666667,0.568181818,0.936666667,Intra
1JM1,27-May,sunny,79,16:30,AcnArb,4,Inside,AcnArb,2.1,0,0,0,0,50,0,50,No,1,0,1,Intra
1JM1,27-May,sunny,79,16:30,AcnArb,4,Inside,AcnArb,2.1,0,0,0,0,62,0,62,No,1,0,1,Intra
1JM1,27-May,sunny,79,16:30,AcnArb,4,Inside,AcnArb,2.1,7,9,7,0,10,16,33,No,0.393939394,0.130434783,0.393939394,Intra
1JM1,31-May,partly cloudy,69,15:10,All,3,Outside,AcnArb,1.3,3,4,1,1,49,6,58,No,0.869827586,0.161111111,0.869827586,Hetero.All
1JM1,31-May,partly cloudy,69,15:10,All,3,Outside,AcnArb,1.3,0,0,0,0,0,0,0,No,0,0,0,Hetero.All
1JM1,31-May,partly cloudy,69,15:10,All,3,Outside,AcnArb,1.3,0,0,0,0,0,0,0,No,0,0,0,Hetero.All
1JM1,31-May,partly cloudy,69,15:10,All,6,Outside,AcnArb,2.1,0,0,0,0,38,0,38,Yes,1,0,1,Hetero.All
1JM1,31-May,partly cloudy,69,15:10,All,6,Outside,AcnArb,2.1,0,0,0,0,46,0,46,Yes,1,0,1,Hetero.All
1JM1,31-May,partly cloudy,69,15:10,All,6,Outside,AcnArb,2.1,0,0,4,0,48,4,52,Yes,0.946153846,0.3,0.946153846,Hetero.All
1JM1,2-Jun,sunny,78,14:32,AcnArbTreMic,3,Outside,AcnArb,1.6,0,0,0,0,36,0,36,No,1,0,1,Hetero.diff
1JM1,2-Jun,sunny,78,14:32,AcnArbTreMic,3,Outside,AcnArb,1.6,0,0,0,0,36,0,36,No,1,0,1,Hetero.diff
1JM1,2-Jun,sunny,78,14:32,AcnArbTreMic,3,Outside,AcnArb,1.6,0,11,27,5,19,43,62,No,0.515322581,0.301162791,0.515322581,Hetero.diff
1JM1,2-Jun,sunny,78,14:32,AcnArbTreMic,4,Inside,AcnArb,0.8,0,0,4,0,9,4,13,No,0.784615385,0.3,0.784615385,Hetero.diff
1JM1,2-Jun,sunny,78,14:32,AcnArbTreMic,4,Inside,AcnArb,0.8,0,0,1,0,34,1,35,No,0.98,0.3,0.98,Hetero.diff
1JM1,2-Jun,sunny,78,14:32,AcnArbTreMic,4,Inside,AcnArb,0.8,0,0,0,0,12,0,12,No,1,0,1,Hetero.diff
1JM1,2-Jun,sunny,78,15:10,AcnArbCapBac,1,Outside,AcnArb,2,0,2,1,0,18,3,21,No,0.880952381,0.166666667,0.880952381,Hetero.same
1JM1,2-Jun,sunny,78,15:10,AcnArbCapBac,1,Outside,AcnArb,2,0,3,3,0,23,6,29,No,0.834482759,0.2,0.834482759,Hetero.same
1JM1,2-Jun,sunny,78,15:10,AcnArbCapBac,1,Outside,AcnArb,2,0,4,2,0,25,6,31,No,0.838709677,0.166666667,0.838709677,Hetero.same
1JM1,2-Jun,sunny,78,15:10,AcnArbCapBac,2,Inside,AcnArb,2.7,0,7,5,0,23,12,35,No,0.72,0.183333333,0.72,Hetero.same
1JM1,2-Jun,sunny,78,15:10,AcnArbCapBac,2,Inside,AcnArb,2.7,0,26,12,0,22,38,60,No,0.47,0.163157895,0.47,Hetero.same
1JM1,2-Jun,sunny,78,15:10,AcnArbCapBac,2,Inside,AcnArb,2.7,0,5,4,0,3,9,12,No,0.391666667,0.188888889,0.391666667,Hetero.same
1JM1,2-Jun,sunny,78,15:40,AcnArbCasSyl,1,Outside,AcnArb,1.7,7,1,0,0,24,1,32,No,0.753125,0.0125,0.753125,Hetero.diff
1JM1,2-Jun,sunny,78,15:40,AcnArbCasSyl,1,Outside,AcnArb,1.7,5,3,1,0,38,4,47,No,0.821276596,0.066666667,0.821276596,Hetero.diff
1JM1,2-Jun,sunny,78,15:40,AcnArbCasSyl,1,Outside,AcnArb,1.7,26,5,1,0,15,6,47,No,0.336170213,0.025,0.336170213,Hetero.diff
1JM1,2-Jun,sunny,78,15:40,AcnArbCasSyl,2,Inside,AcnArb,1.7,0,3,8,0,25,11,36,No,0.769444444,0.245454545,0.769444444,Hetero.diff
1JM1,2-Jun,sunny,78,15:40,AcnArbCasSyl,2,Inside,AcnArb,1.7,0,5,7,0,13,12,25,No,0.624,0.216666667,0.624,Hetero.diff
1JM1,2-Jun,sunny,78,15:40,AcnArbCasSyl,2,Inside,AcnArb,1.7,4,3,3,0,11,6,21,No,0.580952381,0.12,0.580952381,Hetero.diff
1JM1,2-Jun,sunny,78,16:30,AcnArbCelIgu,1,Outside,AcnArb,2.3,5,10,10,3,25,23,53,No,0.589622642,0.223214286,0.589622642,Hetero.diff
1JM1,2-Jun,sunny,78,16:30,AcnArbCelIgu,1,Outside,AcnArb,2.3,0,7,8,1,20,16,36,No,0.6625,0.240625,0.6625,Hetero.diff
1JM1,2-Jun,sunny,78,16:30,AcnArbCelIgu,1,Outside,AcnArb,2.3,1,10,9,0,18,19,38,No,0.571052632,0.185,0.571052632,Hetero.diff
1JM1,2-Jun,sunny,78,16:30,AcnArbCelIgu,2,Inside,AcnArb,2.2,0,2,3,0,13,5,18,No,0.783333333,0.22,0.783333333,Hetero.diff
1JM1,2-Jun,sunny,78,16:30,AcnArbCelIgu,2,Inside,AcnArb,2.2,8,0,3,0,31,3,42,No,0.75952381,0.081818182,0.75952381,Hetero.diff
1JM1,2-Jun,sunny,78,16:30,AcnArbCelIgu,2,Inside,AcnArb,2.2,0,0,0,0,15,0,15,No,1,0,1,Hetero.diff
3SS,31-May,cloudy,61,8:53,AcnArb,1,Outside,AcnArb,1.3,1,7,3,0,18,10,29,No,0.675862069,0.145454545,0.675862069,Intra
3SS,31-May,cloudy,61,8:53,AcnArb,1,Outside,AcnArb,1.3,5,9,1,0,16,10,31,No,0.55483871,0.08,0.55483871,Intra
3SS,31-May,cloudy,61,8:53,AcnArb,1,Outside,AcnArb,1.3,10,7,4,2,8,13,31,No,0.367741935,0.147826087,0.367741935,Intra
3SS,31-May,cloudy,61,8:53,AcnArb,2,Inside,AcnArb,2,9,14,3,0,39,17,65,No,0.635384615,0.088461538,0.635384615,Intra
3SS,31-May,cloudy,61,8:53,AcnArb,2,Inside,AcnArb,2,0,10,7,0,20,17,37,No,0.624324324,0.182352941,0.624324324,Intra
3SS,31-May,cloudy,61,8:53,AcnArb,2,Inside,AcnArb,2,1,14,10,0,13,24,38,No,0.457894737,0.176,0.457894737,Intra
3SS,31-May,cloudy,61,8:53,AcnArb,3,Inside,AcnArb,1.7,0,13,2,0,33,15,48,No,0.727083333,0.126666667,0.727083333,Intra
3SS,31-May,cloudy,61,8:53,AcnArb,3,Inside,AcnArb,1.7,5,6,0,0,15,6,26,No,0.6,0.054545455,0.6,Intra
3SS,31-May,cloudy,61,8:53,AcnArb,3,Inside,AcnArb,1.7,3,7,8,0,22,15,40,No,0.6275,0.172222222,0.6275,Intra
3SS,31-May,cloudy,61,8:53,AcnArb,4,Inside,AcnArb,1.8,0,3,6,0,51,9,60,No,0.885,0.233333333,0.885,Intra
3SS,31-May,cloudy,61,8:53,AcnArb,4,Inside,AcnArb,1.8,1,9,13,0,22,22,45,No,0.595555556,0.208695652,0.595555556,Intra
3SS,31-May,cloudy,61,8:53,AcnArb,4,Inside,AcnArb,1.8,0,3,9,1,33,13,46,No,0.798913043,0.288461538,0.798913043,Intra
3SS,31-May,sunny,63,10:05,AcnArbTreMic,1,Outside,AcnArb,1.4,1,5,3,0,13,8,22,No,0.654545455,0.155555556,0.654545455,Hetero.diff
3SS,31-May,sunny,63,10:05,AcnArbTreMic,1,Outside,AcnArb,1.4,11,4,5,1,21,10,42,No,0.563095238,0.126190476,0.563095238,Hetero.diff
3SS,31-May,sunny,63,10:05,AcnArbTreMic,1,Outside,AcnArb,1.4,4,5,3,0,10,8,22,No,0.518181818,0.116666667,0.518181818,Hetero.diff
3SS,31-May,sunny,63,10:05,AcnArbTreMic,2,Inside,AcnArb,1.7,16,7,3,0,15,10,41,No,0.404878049,0.061538462,0.404878049,Hetero.diff
3SS,31-May,sunny,63,10:05,AcnArbTreMic,2,Inside,AcnArb,1.7,0,0,0,0,14,0,14,No,1,0,1,Hetero.diff
3SS,31-May,sunny,63,10:05,AcnArbTreMic,2,Inside,AcnArb,1.7,30,21,0,1,12,22,64,No,0.23203125,0.054807692,0.23203125,Hetero.diff
3SS,1-Jun,cloudy,61,10:10,AcnArbCelIgu,3,Outside,AcnArb,1.7,0,0,1,0,43,1,44,No,0.984090909,0.3,0.984090909,Hetero.diff
3SS,1-Jun,cloudy,61,10:10,AcnArbCelIgu,3,Outside,AcnArb,1.7,4,0,2,0,27,2,33,No,0.836363636,0.1,0.836363636,Hetero.diff
3SS,1-Jun,cloudy,61,10:10,AcnArbCelIgu,3,Outside,AcnArb,1.7,0,0,0,0,58,0,58,No,1,0,1,Hetero.diff
3SS,1-Jun,cloudy,61,10:10,AcnArbCelIgu,4,Inside,AcnArb,1.6,1,9,28,2,22,39,62,No,0.529032258,0.27,0.529032258,Hetero.diff
3SS,1-Jun,cloudy,61,10:10,AcnArbCelIgu,4,Inside,AcnArb,1.6,1,6,9,1,14,16,31,No,0.582258065,0.238235294,0.582258065,Hetero.diff
3SS,1-Jun,cloudy,61,10:10,AcnArbCelIgu,4,Inside,AcnArb,1.6,0,5,4,0,1,9,10,No,0.27,0.188888889,0.27,Hetero.diff
3SS,1-Jun,partly cloudy,71,14:45,AcnArbCasDec,1,Outside,AcnArb,1.8,9,12,13,0,14,25,48,No,0.397916667,0.15,0.397916667,Hetero.diff
3SS,1-Jun,partly cloudy,71,14:45,AcnArbCasDec,1,Outside,AcnArb,1.8,4,1,0,0,26,1,31,No,0.841935484,0.02,0.841935484,Hetero.diff
3SS,1-Jun,partly cloudy,71,14:45,AcnArbCasDec,1,Outside,AcnArb,1.8,10,0,1,0,9,1,20,No,0.465,0.027272727,0.465,Hetero.diff
3SS,1-Jun,partly cloudy,71,14:45,AcnArbCasDec,2,Inside,AcnArb,2.1,6,0,8,0,18,8,32,No,0.6375,0.171428571,0.6375,Hetero.diff
3SS,1-Jun,partly cloudy,71,14:45,AcnArbCasDec,2,Inside,AcnArb,2.1,2,5,12,0,18,17,37,No,0.597297297,0.215789474,0.597297297,Hetero.diff
3SS,1-Jun,partly cloudy,71,14:45,AcnArbCasDec,2,Inside,AcnArb,2.1,4,3,8,0,10,11,25,No,0.508,0.18,0.508,Hetero.diff
3SS,1-Jun,partly cloudy,71,15:10,AcnArbCasSyl,1,Outside,AcnArb,1.6,0,4,16,2,7,22,29,No,0.472413793,0.304545455,0.472413793,Hetero.diff
3SS,1-Jun,partly cloudy,71,15:10,AcnArbCasSyl,1,Outside,AcnArb,1.6,3,3,3,0,38,6,47,No,0.834042553,0.133333333,0.834042553,Hetero.diff
3SS,1-Jun,partly cloudy,71,15:10,AcnArbCasSyl,1,Outside,AcnArb,1.6,1,2,9,1,7,12,20,No,0.5325,0.280769231,0.5325,Hetero.diff
3SS,1-Jun,partly cloudy,71,15:10,AcnArbCasSyl,2,Inside,AcnArb,2,1,5,14,3,31,22,54,No,0.702777778,0.302173913,0.702777778,Hetero.diff
3SS,1-Jun,partly cloudy,71,15:10,AcnArbCasSyl,2,Inside,AcnArb,2,1,1,4,0,11,5,17,No,0.723529412,0.216666667,0.723529412,Hetero.diff
3SS,1-Jun,partly cloudy,71,15:10,AcnArbCasSyl,2,Inside,AcnArb,2,9,5,11,0,28,16,53,No,0.6,0.152,0.6,Hetero.diff
3SS,5-Jun,sunny,66,9:45,AcnArbCapBac,1,Outside,AcnArb,1.3,0,4,7,1,15,12,27,No,0.675925926,0.270833333,0.675925926,Hetero.same
3SS,5-Jun,sunny,66,9:45,AcnArbCapBac,1,Outside,AcnArb,1.3,14,2,10,1,10,13,37,No,0.377027027,0.146296296,0.377027027,Hetero.same
3SS,5-Jun,sunny,66,9:45,AcnArbCapBac,1,Outside,AcnArb,1.3,2,4,10,2,15,16,33,No,0.603030303,0.272222222,0.603030303,Hetero.same
3SS,5-Jun,sunny,66,9:45,AcnArbCapBac,2,Inside,AcnArb,1.8,0,0,0,0,20,0,20,Yes,1,0,1,Hetero.same
3SS,5-Jun,sunny,66,9:45,AcnArbCapBac,2,Inside,AcnArb,1.8,3,3,3,1,1,7,11,Yes,0.268181818,0.195,0.268181818,Hetero.same
3SS,5-Jun,sunny,66,9:45,AcnArbCapBac,2,Inside,AcnArb,1.8,0,0,0,0,8,0,8,Yes,1,0,1,Hetero.same
3SS,5-Jun,sunny,66,10:16,All,4,Outside,AcnArb,1.5,22,1,1,3,6,5,33,No,0.262121212,0.098148148,0.262121212,Hetero.All
3SS,5-Jun,sunny,66,10:16,All,4,Outside,AcnArb,1.5,33,3,1,0,9,4,46,No,0.208695652,0.016216216,0.208695652,Hetero.All
3SS,5-Jun,sunny,66,10:16,All,4,Outside,AcnArb,1.5,11,2,6,0,5,8,24,No,0.291666667,0.105263158,0.291666667,Hetero.All
3SS,5-Jun,sunny,66,10:16,All,6,Outside,AcnArb,1.7,4,1,3,0,0,4,8,No,0.125,0.125,0.125,Hetero.All
3SS,5-Jun,sunny,66,10:16,All,6,Outside,AcnArb,1.7,3,2,2,0,0,4,7,No,0.114285714,0.114285714,0.114285714,Hetero.All
3SS,5-Jun,sunny,66,10:16,All,6,Outside,AcnArb,1.7,0,0,0,0,8,0,8,No,1,0,1,Hetero.All
6PF2,2-Jun,cloudy,58,10:05,All,3,Outside,AcnArb,2.1,40,19,28,1,11,48,99,No,0.222727273,0.125568182,0.222727273,Hetero.All
6PF2,2-Jun,cloudy,58,10:05,All,3,Outside,AcnArb,2.1,5,2,0,0,0,2,7,No,0.028571429,0.028571429,0.028571429,Hetero.All
6PF2,2-Jun,cloudy,58,10:05,All,3,Outside,AcnArb,2.1,1,6,13,1,10,20,31,No,0.491935484,0.25,0.491935484,Hetero.All
6PF2,2-Jun,cloudy,58,10:05,All,10,Outside,AcnArb,1.9,4,4,3,0,23,7,34,No,0.714705882,0.118181818,0.714705882,Hetero.All
6PF2,2-Jun,cloudy,58,10:05,All,10,Outside,AcnArb,1.9,3,0,4,0,20,4,27,No,0.785185185,0.171428571,0.785185185,Hetero.All
6PF2,2-Jun,cloudy,58,10:05,All,10,Outside,AcnArb,1.9,4,1,2,0,6,3,13,No,0.515384615,0.1,0.515384615,Hetero.All
6PF2,2-Jun,cloudy,67,12:16,AcnArbCelIgu,3,Outside,AcnArb,1.5,9,0,1,0,0,1,10,No,0.03,0.03,0.03,Hetero.diff
6PF2,2-Jun,cloudy,67,12:16,AcnArbCelIgu,3,Outside,AcnArb,1.5,7,0,1,0,0,1,8,No,0.0375,0.0375,0.0375,Hetero.diff
6PF2,2-Jun,cloudy,67,12:16,AcnArbCelIgu,3,Outside,AcnArb,1.5,6,4,3,1,8,8,22,No,0.456818182,0.146428571,0.456818182,Hetero.diff
6PF2,2-Jun,cloudy,67,12:16,AcnArbCelIgu,4,Inside,AcnArb,2.2,22,2,8,0,10,10,42,No,0.3,0.08125,0.3,Hetero.diff
6PF2,2-Jun,cloudy,67,12:16,AcnArbCelIgu,4,Inside,AcnArb,2.2,7,1,0,1,1,2,10,No,0.185,0.094444444,0.185,Hetero.diff
6PF2,2-Jun,cloudy,67,12:16,AcnArbCelIgu,4,Inside,AcnArb,2.2,36,4,6,0,11,10,57,No,0.231578947,0.047826087,0.231578947,Hetero.diff
6PF2,3-Jun,cloudy,56,8:42,AcnArbCasSyl,3,Outside,AcnArb,1.5,10,1,0,0,2,1,13,No,0.161538462,0.009090909,0.161538462,Hetero.diff
6PF2,3-Jun,cloudy,56,8:42,AcnArbCasSyl,3,Outside,AcnArb,1.5,4,3,7,0,7,10,21,No,0.447619048,0.171428571,0.447619048,Hetero.diff
6PF2,3-Jun,cloudy,56,8:42,AcnArbCasSyl,3,Outside,AcnArb,1.5,9,0,1,0,0,1,10,No,0.03,0.03,0.03,Hetero.diff
6PF2,3-Jun,cloudy,56,8:42,AcnArbCasSyl,4,Inside,AcnArb,2.1,7,4,3,0,10,7,24,No,0.470833333,0.092857143,0.470833333,Hetero.diff
6PF2,3-Jun,cloudy,56,8:42,AcnArbCasSyl,4,Inside,AcnArb,2.1,10,2,0,0,0,2,12,No,0.016666667,0.016666667,0.016666667,Hetero.diff
6PF2,3-Jun,cloudy,56,8:42,AcnArbCasSyl,4,Inside,AcnArb,2.1,4,3,1,0,0,4,8,No,0.075,0.075,0.075,Hetero.diff
6PF2,3-Jun,sunny,61,9:13,AcnArbTreMic,1,Outside,AcnArb,1.5,35,4,7,0,31,11,77,No,0.435064935,0.054347826,0.435064935,Hetero.diff
6PF2,3-Jun,sunny,61,9:13,AcnArbTreMic,1,Outside,AcnArb,1.5,10,5,5,0,11,10,31,No,0.419354839,0.1,0.419354839,Hetero.diff
6PF2,3-Jun,sunny,61,9:13,AcnArbTreMic,1,Outside,AcnArb,1.5,7,4,3,0,27,7,41,No,0.690243902,0.092857143,0.690243902,Hetero.diff
6PF2,3-Jun,sunny,61,9:13,AcnArbTreMic,2,Inside,AcnArb,1.5,3,5,15,1,24,21,48,No,0.619791667,0.239583333,0.619791667,Hetero.diff
6PF2,3-Jun,sunny,61,9:13,AcnArbTreMic,2,Inside,AcnArb,1.5,0,8,10,1,18,19,37,No,0.609459459,0.239473684,0.609459459,Hetero.diff
6PF2,3-Jun,sunny,61,9:13,AcnArbTreMic,2,Inside,AcnArb,1.5,5,4,4,0,33,8,46,No,0.752173913,0.123076923,0.752173913,Hetero.diff
6PF2,3-Jun,sunny,61,9:55,AcnArbCasDec,3,Outside,AcnArb,1.2,14,2,8,0,5,10,29,No,0.262068966,0.108333333,0.262068966,Hetero.diff
6PF2,3-Jun,sunny,61,9:55,AcnArbCasDec,3,Outside,AcnArb,1.2,3,2,5,0,28,7,38,No,0.781578947,0.17,0.781578947,Hetero.diff
6PF2,3-Jun,sunny,61,9:55,AcnArbCasDec,3,Outside,AcnArb,1.2,9,3,10,1,18,14,41,No,0.537804878,0.176086957,0.537804878,Hetero.diff
6PF2,3-Jun,sunny,61,9:55,AcnArbCasDec,4,Inside,AcnArb,1.2,0,0,0,0,9,0,9,No,1,0,1,Hetero.diff
6PF2,3-Jun,sunny,61,9:55,AcnArbCasDec,4,Inside,AcnArb,1.2,6,5,2,0,28,7,41,No,0.709756098,0.084615385,0.709756098,Hetero.diff
6PF2,3-Jun,sunny,61,9:55,AcnArbCasDec,4,Inside,AcnArb,1.2,14,4,8,0,19,12,45,No,0.484444444,0.107692308,0.484444444,Hetero.diff
6PF2,3-Jun,sunny,61,10:22,AcnArbCapBac,1,Outside,AcnArb,1.4,8,1,1,0,14,2,24,No,0.6,0.04,0.6,Hetero.same
6PF2,3-Jun,sunny,61,10:22,AcnArbCapBac,1,Outside,AcnArb,1.4,5,5,1,0,12,6,23,No,0.556521739,0.072727273,0.556521739,Hetero.same
6PF2,3-Jun,sunny,61,10:22,AcnArbCapBac,1,Outside,AcnArb,1.4,25,3,0,0,0,3,28,No,0.010714286,0.010714286,0.010714286,Hetero.same
6PF2,3-Jun,sunny,61,10:22,AcnArbCapBac,2,Inside,AcnArb,1.5,14,2,5,0,13,7,34,No,0.432352941,0.080952381,0.432352941,Hetero.same
6PF2,3-Jun,sunny,61,10:22,AcnArbCapBac,2,Inside,AcnArb,1.5,38,1,3,0,47,4,89,No,0.539325843,0.023809524,0.539325843,Hetero.same
6PF2,3-Jun,sunny,61,10:22,AcnArbCapBac,2,Inside,AcnArb,1.5,40,12,11,0,16,23,79,No,0.259493671,0.071428571,0.259493671,Hetero.same
6PF2,3-Jun,sunny,66,10:43,AcnArb,1,Outside,AcnArb,1.6,1,4,2,0,14,6,21,No,0.714285714,0.142857143,0.714285714,Intra
6PF2,3-Jun,sunny,66,10:43,AcnArb,1,Outside,AcnArb,1.6,21,6,10,2,11,18,50,No,0.322,0.130769231,0.322,Intra
6PF2,3-Jun,sunny,66,10:43,AcnArb,1,Outside,AcnArb,1.6,8,1,3,0,14,4,26,No,0.576923077,0.083333333,0.576923077,Intra
6PF2,3-Jun,sunny,66,10:43,AcnArb,2,Inside,AcnArb,1.6,2,6,1,0,9,7,18,No,0.55,0.1,0.55,Intra
6PF2,3-Jun,sunny,66,10:43,AcnArb,2,Inside,AcnArb,1.6,4,15,6,0,24,21,49,No,0.557142857,0.132,0.557142857,Intra
6PF2,3-Jun,sunny,66,10:43,AcnArb,2,Inside,AcnArb,1.6,11,17,4,0,30,21,62,No,0.530645161,0.090625,0.530645161,Intra
6PF2,3-Jun,sunny,66,10:43,AcnArb,3,Inside,AcnArb,1.7,6,2,4,0,9,6,21,Yes,0.495238095,0.116666667,0.495238095,Intra
6PF2,3-Jun,sunny,66,10:43,AcnArb,3,Inside,AcnArb,1.7,0,0,0,0,13,0,13,Yes,1,0,1,Intra
6PF2,3-Jun,sunny,66,10:43,AcnArb,3,Inside,AcnArb,1.7,30,5,1,0,15,6,51,Yes,0.309803922,0.022222222,0.309803922,Intra
6PF2,3-Jun,sunny,66,10:43,AcnArb,4,Inside,AcnArb,1.5,5,1,3,0,12,4,21,No,0.619047619,0.111111111,0.619047619,Intra
6PF2,3-Jun,sunny,66,10:43,AcnArb,4,Inside,AcnArb,1.5,5,0,1,0,27,1,33,No,0.827272727,0.05,0.827272727,Intra
6PF2,3-Jun,sunny,66,10:43,AcnArb,4,Inside,AcnArb,1.5,3,0,0,0,10,0,13,No,0.769230769,0,0.769230769,Intra
2JM2,4-Jun,sunny,60,9:38,AcnArbCasSyl,1,Outside,AcnArb,1.9,0,3,5,4,24,12,36,No,0.8,0.4,0.8,Hetero.diff
2JM2,4-Jun,sunny,60,9:38,AcnArbCasSyl,1,Outside,AcnArb,1.9,0,3,1,0,28,4,32,No,0.89375,0.15,0.89375,Hetero.diff
2JM2,4-Jun,sunny,60,9:38,AcnArbCasSyl,1,Outside,AcnArb,1.9,4,3,2,0,22,5,31,No,0.738709677,0.1,0.738709677,Hetero.diff
2JM2,4-Jun,sunny,60,9:38,AcnArbCasSyl,2,Inside,AcnArb,2.2,5,1,0,0,27,1,33,No,0.821212121,0.016666667,0.821212121,Hetero.diff
2JM2,4-Jun,sunny,60,9:38,AcnArbCasSyl,2,Inside,AcnArb,2.2,3,2,0,0,26,2,31,No,0.84516129,0.04,0.84516129,Hetero.diff
2JM2,4-Jun,sunny,60,9:38,AcnArbCasSyl,2,Inside,AcnArb,2.2,7,3,8,0,24,11,42,No,0.635714286,0.15,0.635714286,Hetero.diff
2JM2,4-Jun,sunny,60,9:56,AcnArbCapBac,1,Outside,AcnArb,2.3,14,2,1,0,21,3,38,No,0.565789474,0.029411765,0.565789474,Hetero.same
2JM2,4-Jun,sunny,60,9:56,AcnArbCapBac,1,Outside,AcnArb,2.3,14,4,3,0,27,7,48,No,0.589583333,0.061904762,0.589583333,Hetero.same
2JM2,4-Jun,sunny,60,9:56,AcnArbCapBac,1,Outside,AcnArb,2.3,15,3,5,1,16,9,40,No,0.46375,0.10625,0.46375,Hetero.same
2JM2,4-Jun,sunny,60,9:56,AcnArbCapBac,2,Inside,AcnArb,2.3,4,12,3,0,8,15,27,No,0.374074074,0.110526316,0.374074074,Hetero.same
2JM2,4-Jun,sunny,60,9:56,AcnArbCapBac,2,Inside,AcnArb,2.3,2,16,2,0,0,18,20,No,0.11,0.11,0.11,Hetero.same
2JM2,4-Jun,sunny,60,9:56,AcnArbCapBac,2,Inside,AcnArb,2.3,2,18,8,0,32,26,60,No,0.603333333,0.15,0.603333333,Hetero.same
2JM2,4-Jun,sunny,60,10:26,AcnArbCasDec,1,Outside,AcnArb,1.5,5,2,3,0,14,5,24,No,0.629166667,0.11,0.629166667,Hetero.diff
2JM2,4-Jun,sunny,60,10:26,AcnArbCasDec,1,Outside,AcnArb,1.5,9,2,4,0,4,6,19,No,0.284210526,0.093333333,0.284210526,Hetero.diff
2JM2,4-Jun,sunny,60,10:26,AcnArbCasDec,1,Outside,AcnArb,1.5,20,0,2,0,6,2,28,No,0.235714286,0.027272727,0.235714286,Hetero.diff
2JM2,4-Jun,sunny,60,10:26,AcnArbCasDec,2,Inside,AcnArb,1.5,15,9,4,0,12,13,40,No,0.3525,0.075,0.3525,Hetero.diff
2JM2,4-Jun,sunny,60,10:26,AcnArbCasDec,2,Inside,AcnArb,1.5,15,1,3,0,9,4,28,No,0.357142857,0.052631579,0.357142857,Hetero.diff
2JM2,4-Jun,sunny,60,10:26,AcnArbCasDec,2,Inside,AcnArb,1.5,4,4,2,0,6,6,16,No,0.4375,0.1,0.4375,Hetero.diff
2JM2,4-Jun,sunny,60,11:32,AcnArbTreMic,1,Outside,AcnArb,1.9,0,3,1,0,27,4,31,No,0.890322581,0.15,0.890322581,Hetero.diff
2JM2,4-Jun,sunny,60,11:32,AcnArbTreMic,1,Outside,AcnArb,1.9,0,9,4,0,24,13,37,No,0.705405405,0.161538462,0.705405405,Hetero.diff
2JM2,4-Jun,sunny,60,11:32,AcnArbTreMic,1,Outside,AcnArb,1.9,0,9,5,0,29,14,43,No,0.730232558,0.171428571,0.730232558,Hetero.diff
2JM2,4-Jun,sunny,60,11:32,AcnArbTreMic,2,Inside,AcnArb,2.2,0,6,3,0,25,9,34,No,0.779411765,0.166666667,0.779411765,Hetero.diff
2JM2,4-Jun,sunny,60,11:32,AcnArbTreMic,2,Inside,AcnArb,2.2,1,8,3,0,29,11,41,No,0.748780488,0.141666667,0.748780488,Hetero.diff
2JM2,4-Jun,sunny,60,11:32,AcnArbTreMic,2,Inside,AcnArb,2.2,0,4,2,0,27,6,33,No,0.848484848,0.166666667,0.848484848,Hetero.diff
3SS,5-Jun,sunny,60,9:45,AcnArbCapBac,1,Outside,AcnArb,1.3,0,4,7,1,15,12,27,No,0.675925926,0.270833333,0.675925926,Hetero.same
3SS,5-Jun,sunny,60,9:45,AcnArbCapBac,1,Outside,AcnArb,1.3,14,2,10,1,10,13,37,No,0.377027027,0.146296296,0.377027027,Hetero.same
3SS,5-Jun,sunny,60,9:45,AcnArbCapBac,1,Outside,AcnArb,1.3,2,4,10,2,15,16,33,No,0.603030303,0.272222222,0.603030303,Hetero.same
3SS,5-Jun,sunny,60,9:45,AcnArbCapBac,2,Inside,AcnArb,1.8,2,2,5,1,4,8,14,No,0.460714286,0.245,0.460714286,Hetero.same
3SS,5-Jun,sunny,60,9:45,AcnArbCapBac,2,Inside,AcnArb,1.8,5,2,2,1,8,5,18,No,0.530555556,0.155,0.530555556,Hetero.same
3SS,5-Jun,sunny,60,9:45,AcnArbCapBac,2,Inside,AcnArb,1.8,5,4,2,0,2,6,13,No,0.230769231,0.090909091,0.230769231,Hetero.same
3SS,5-Jun,sunny,60,10:16,All,4,Outside,AcnArb,1.5,22,1,1,3,6,5,33,No,0.262121212,0.098148148,0.262121212,Hetero.All
3SS,5-Jun,sunny,60,10:16,All,4,Outside,AcnArb,1.5,33,3,1,0,9,4,46,No,0.208695652,0.016216216,0.208695652,Hetero.All
3SS,5-Jun,sunny,60,10:16,All,4,Outside,AcnArb,1.5,11,2,6,0,5,8,24,No,0.291666667,0.105263158,0.291666667,Hetero.All
3SS,5-Jun,sunny,60,10:16,All,6,Outside,AcnArb,1.7,4,1,3,0,0,4,8,No,0.125,0.125,0.125,Hetero.All
3SS,5-Jun,sunny,60,10:16,All,6,Outside,AcnArb,1.7,3,2,2,0,0,4,7,No,0.114285714,0.114285714,0.114285714,Hetero.All
3SS,5-Jun,sunny,60,10:16,All,6,Outside,AcnArb,1.7,0,0,0,0,8,0,8,No,1,0,1,Hetero.All
2JM2,6-Jun,cloudy,57,8:53,AcnArbCelIgu,3,Outside,AcnArb,1.5,8,14,4,1,16,19,43,No,0.45,0.124074074,0.45,Hetero.diff
2JM2,6-Jun,cloudy,57,8:53,AcnArbCelIgu,3,Outside,AcnArb,1.5,24,12,3,0,27,15,66,No,0.440909091,0.053846154,0.440909091,Hetero.diff
2JM2,6-Jun,cloudy,57,8:53,AcnArbCelIgu,3,Outside,AcnArb,1.5,33,10,3,0,24,13,70,No,0.37,0.041304348,0.37,Hetero.diff
2JM2,6-Jun,cloudy,57,8:53,AcnArbCelIgu,4,Inside,AcnArb,2.1,2,0,2,0,24,2,28,No,0.878571429,0.15,0.878571429,Hetero.diff
2JM2,6-Jun,cloudy,57,8:53,AcnArbCelIgu,4,Inside,AcnArb,2.1,21,5,3,1,21,9,51,No,0.453921569,0.071666667,0.453921569,Hetero.diff
2JM2,6-Jun,cloudy,57,8:53,AcnArbCelIgu,4,Inside,AcnArb,2.1,16,6,11,0,27,17,60,No,0.515,0.118181818,0.515,Hetero.diff
2JM2,6-Jun,cloudy,57,9:25,AcnArb,1,Outside,AcnArb,1.4,0,7,4,0,25,11,36,No,0.747222222,0.172727273,0.747222222,Intra
2JM2,6-Jun,cloudy,57,9:25,AcnArb,1,Outside,AcnArb,1.4,0,6,3,0,29,9,38,No,0.802631579,0.166666667,0.802631579,Intra
2JM2,6-Jun,cloudy,57,9:25,AcnArb,1,Outside,AcnArb,1.4,0,12,5,0,25,17,42,No,0.65952381,0.158823529,0.65952381,Intra
2JM2,6-Jun,cloudy,57,9:25,AcnArb,2,Inside,AcnArb,1.5,0,8,4,0,24,12,36,No,0.722222222,0.166666667,0.722222222,Intra
2JM2,6-Jun,cloudy,57,9:25,AcnArb,2,Inside,AcnArb,1.5,4,5,5,0,25,10,39,No,0.692307692,0.142857143,0.692307692,Intra
2JM2,6-Jun,cloudy,57,9:25,AcnArb,2,Inside,AcnArb,1.5,0,5,8,0,20,13,33,No,0.693939394,0.223076923,0.693939394,Intra
2JM2,6-Jun,cloudy,57,9:25,AcnArb,3,Inside,AcnArb,0.4,1,6,4,0,25,10,36,No,0.744444444,0.163636364,0.744444444,Intra
2JM2,6-Jun,cloudy,57,9:25,AcnArb,3,Inside,AcnArb,0.4,0,5,3,0,31,8,39,No,0.830769231,0.175,0.830769231,Intra
2JM2,6-Jun,cloudy,57,9:25,AcnArb,3,Inside,AcnArb,0.4,1,3,3,0,29,6,36,No,0.838888889,0.171428571,0.838888889,Intra
2JM2,6-Jun,cloudy,57,9:25,AcnArb,4,Inside,AcnArb,1.8,1,4,2,0,7,6,14,No,0.571428571,0.142857143,0.571428571,Intra
2JM2,6-Jun,cloudy,57,9:25,AcnArb,4,Inside,AcnArb,1.8,0,5,2,0,16,7,23,No,0.743478261,0.157142857,0.743478261,Intra
2JM2,6-Jun,cloudy,57,9:25,AcnArb,4,Inside,AcnArb,1.8,3,3,0,0,28,3,34,No,0.832352941,0.05,0.832352941,Intra
2JM2,6-Jun,cloudy,63,10:26,All,1,Outside,AcnArb,1.8,12,4,1,0,12,5,29,No,0.437931034,0.041176471,0.437931034,Hetero.All
2JM2,6-Jun,cloudy,63,10:26,All,1,Outside,AcnArb,1.8,8,7,3,0,9,10,27,No,0.392592593,0.088888889,0.392592593,Hetero.All
2JM2,6-Jun,cloudy,63,10:26,All,1,Outside,AcnArb,1.8,9,3,1,0,10,4,23,No,0.460869565,0.046153846,0.460869565,Hetero.All
2JM2,6-Jun,cloudy,63,10:26,All,10,Outside,AcnArb,1.9,8,11,5,0,9,16,33,No,0.351515152,0.108333333,0.351515152,Hetero.All
2JM2,6-Jun,cloudy,63,10:26,All,10,Outside,AcnArb,1.9,9,3,1,0,0,4,13,No,0.046153846,0.046153846,0.046153846,Hetero.All
2JM2,6-Jun,cloudy,63,10:26,All,10,Outside,AcnArb,1.9,15,1,3,0,14,4,33,No,0.454545455,0.052631579,0.454545455,Hetero.All
9DITO,7-Jun,sunny,61,10:04,AcnArbCapBac,1,Outside,AcnArb,1.3,7,3,1,0,14,4,25,No,0.584,0.054545455,0.584,Hetero.same
9DITO,7-Jun,sunny,61,10:04,AcnArbCapBac,1,Outside,AcnArb,1.3,5,4,0,0,9,4,18,No,0.522222222,0.044444444,0.522222222,Hetero.same
9DITO,7-Jun,sunny,61,10:04,AcnArbCapBac,1,Outside,AcnArb,1.3,9,0,0,0,15,0,24,No,0.625,0,0.625,Hetero.same
9DITO,7-Jun,sunny,61,10:04,AcnArbCapBac,2,Inside,AcnArb,1.8,3,3,1,0,20,4,27,Yes,0.762962963,0.085714286,0.762962963,Hetero.same
9DITO,7-Jun,sunny,61,10:04,AcnArbCapBac,2,Inside,AcnArb,1.8,5,3,0,0,7,3,15,Yes,0.486666667,0.0375,0.486666667,Hetero.same
9DITO,7-Jun,sunny,61,10:04,AcnArbCapBac,2,Inside,AcnArb,1.8,2,1,1,0,15,2,19,Yes,0.810526316,0.1,0.810526316,Hetero.same
9DITO,7-Jun,sunny,61,10:32,AcnArb,1,Outside,AcnArb,1.5,11,2,1,0,6,3,20,No,0.325,0.035714286,0.325,Intra
9DITO,7-Jun,sunny,61,10:32,AcnArb,1,Outside,AcnArb,1.5,5,1,0,0,12,1,18,No,0.672222222,0.016666667,0.672222222,Intra
9DITO,7-Jun,sunny,61,10:32,AcnArb,1,Outside,AcnArb,1.5,6,1,0,0,11,1,18,No,0.616666667,0.014285714,0.616666667,Intra
9DITO,7-Jun,sunny,61,10:32,AcnArb,2,Inside,AcnArb,1.4,0,7,5,0,4,12,16,No,0.3875,0.183333333,0.3875,Intra
9DITO,7-Jun,sunny,61,10:32,AcnArb,2,Inside,AcnArb,1.4,0,7,2,0,5,9,14,No,0.45,0.144444444,0.45,Intra
9DITO,7-Jun,sunny,61,10:32,AcnArb,2,Inside,AcnArb,1.4,1,16,3,0,16,19,36,No,0.513888889,0.125,0.513888889,Intra
9DITO,7-Jun,sunny,61,10:32,AcnArb,3,Inside,AcnArb,1.3,1,6,1,0,6,7,14,No,0.492857143,0.1125,0.492857143,Intra
9DITO,7-Jun,sunny,61,10:32,AcnArb,3,Inside,AcnArb,1.3,0,11,0,0,7,11,18,No,0.45,0.1,0.45,Intra
9DITO,7-Jun,sunny,61,10:32,AcnArb,3,Inside,AcnArb,1.3,10,6,2,0,46,8,64,No,0.7375,0.066666667,0.7375,Intra
9DITO,7-Jun,sunny,61,10:32,AcnArb,4,Inside,AcnArb,1.5,0,7,2,0,15,9,24,No,0.679166667,0.144444444,0.679166667,Intra
9DITO,7-Jun,sunny,61,10:32,AcnArb,4,Inside,AcnArb,1.5,1,5,0,0,8,5,14,No,0.607142857,0.083333333,0.607142857,Intra
9DITO,7-Jun,sunny,61,10:32,AcnArb,4,Inside,AcnArb,1.5,1,6,3,0,17,9,27,No,0.685185185,0.15,0.685185185,Intra
9DITO,7-Jun,sunny,66,11:10,AcnArbCasSyl,1,Outside,AcnArb,1.3,0,5,9,0,8,14,22,No,0.509090909,0.228571429,0.509090909,Hetero.diff
9DITO,7-Jun,sunny,66,11:10,AcnArbCasSyl,1,Outside,AcnArb,1.3,0,4,3,0,7,7,14,No,0.592857143,0.185714286,0.592857143,Hetero.diff
9DITO,7-Jun,sunny,66,11:10,AcnArbCasSyl,1,Outside,AcnArb,1.3,2,3,2,0,0,5,7,No,0.128571429,0.128571429,0.128571429,Hetero.diff
9DITO,7-Jun,sunny,66,11:10,AcnArbCasSyl,2,Inside,AcnArb,1.4,0,3,11,3,14,17,31,No,0.640322581,0.344117647,0.640322581,Hetero.diff
9DITO,7-Jun,sunny,66,11:10,AcnArbCasSyl,2,Inside,AcnArb,1.4,0,2,7,3,15,12,27,No,0.724074074,0.379166667,0.724074074,Hetero.diff
9DITO,7-Jun,sunny,66,11:10,AcnArbCasSyl,2,Inside,AcnArb,1.4,4,0,5,0,11,5,20,No,0.625,0.166666667,0.625,Hetero.diff
9DITO,7-Jun,sunny,66,11:26,AcnArbTreMic,1,Outside,AcnArb,1.4,2,2,2,0,14,4,20,No,0.74,0.133333333,0.74,Hetero.diff
9DITO,7-Jun,sunny,66,11:26,AcnArbTreMic,1,Outside,AcnArb,1.4,1,4,0,0,10,4,15,No,0.693333333,0.08,0.693333333,Hetero.diff
9DITO,7-Jun,sunny,66,11:26,AcnArbTreMic,1,Outside,AcnArb,1.4,0,7,5,0,0,12,12,No,0.183333333,0.183333333,0.183333333,Hetero.diff
9DITO,7-Jun,sunny,66,11:26,AcnArbTreMic,2,Inside,AcnArb,1.4,1,4,2,0,0,6,7,No,0.142857143,0.142857143,0.142857143,Hetero.diff
9DITO,7-Jun,sunny,66,11:26,AcnArbTreMic,2,Inside,AcnArb,1.4,3,5,0,0,14,5,22,No,0.659090909,0.0625,0.659090909,Hetero.diff
9DITO,7-Jun,sunny,66,11:26,AcnArbTreMic,2,Inside,AcnArb,1.4,4,3,2,0,5,5,14,No,0.421428571,0.1,0.421428571,Hetero.diff
8NEI,8-Jun,sunny,69,10:56,AcnArbCasDec,1,Outside,AcnArb,1.4,0,0,3,0,16,3,19,No,0.889473684,0.3,0.889473684,Hetero.diff
8NEI,8-Jun,sunny,69,10:56,AcnArbCasDec,1,Outside,AcnArb,1.4,0,0,0,0,11,0,11,No,1,0,1,Hetero.diff
8NEI,8-Jun,sunny,69,10:56,AcnArbCasDec,1,Outside,AcnArb,1.4,16,2,4,1,24,7,47,No,0.556382979,0.093478261,0.556382979,Hetero.diff
8NEI,8-Jun,sunny,69,10:56,AcnArbCasDec,2,Inside,AcnArb,1.7,3,1,4,0,13,5,21,No,0.680952381,0.1625,0.680952381,Hetero.diff
8NEI,8-Jun,sunny,69,10:56,AcnArbCasDec,2,Inside,AcnArb,1.7,11,1,0,0,27,1,39,No,0.694871795,0.008333333,0.694871795,Hetero.diff
8NEI,8-Jun,sunny,69,10:56,AcnArbCasDec,2,Inside,AcnArb,1.7,16,1,5,0,22,6,44,No,0.536363636,0.072727273,0.536363636,Hetero.diff
7ZM,9-Jun,sunny,64,9:10,All,5,Outside,AcnArb,1.4,0,8,5,0,6,13,19,No,0.436842105,0.176923077,0.436842105,Hetero.All
7ZM,9-Jun,sunny,64,9:10,All,5,Outside,AcnArb,1.4,1,5,4,0,5,9,15,No,0.446666667,0.17,0.446666667,Hetero.All
7ZM,9-Jun,sunny,64,9:10,All,5,Outside,AcnArb,1.4,21,15,1,1,5,17,43,No,0.175581395,0.067105263,0.175581395,Hetero.All
7ZM,9-Jun,sunny,64,9:10,All,6,Outside,AcnArb,1.4,4,0,14,1,7,15,26,No,0.459615385,0.260526316,0.459615385,Hetero.All
7ZM,9-Jun,sunny,64,9:10,All,6,Outside,AcnArb,1.4,3,4,10,0,12,14,29,No,0.531034483,0.2,0.531034483,Hetero.All
7ZM,9-Jun,sunny,64,9:10,All,6,Outside,AcnArb,1.4,5,0,3,0,1,3,9,No,0.211111111,0.1125,0.211111111,Hetero.All
7ZM,9-Jun,sunny,69,9:57,AcnArbCelIgu,1,Outside,AcnArb,1.3,3,1,0,0,19,1,23,Yes,0.830434783,0.025,0.830434783,Hetero.diff
7ZM,9-Jun,sunny,69,9:57,AcnArbCelIgu,1,Outside,AcnArb,1.3,3,0,0,0,27,0,30,Yes,0.9,0,0.9,Hetero.diff
7ZM,9-Jun,sunny,69,9:57,AcnArbCelIgu,1,Outside,AcnArb,1.3,2,2,0,0,20,2,24,Yes,0.841666667,0.05,0.841666667,Hetero.diff
7ZM,9-Jun,sunny,69,9:57,AcnArbCelIgu,2,Inside,AcnArb,1.3,2,0,0,0,21,0,23,No,0.913043478,0,0.913043478,Hetero.diff
7ZM,9-Jun,sunny,69,9:57,AcnArbCelIgu,2,Inside,AcnArb,1.3,1,0,0,0,18,0,19,No,0.947368421,0,0.947368421,Hetero.diff
7ZM,9-Jun,sunny,69,9:57,AcnArbCelIgu,2,Inside,AcnArb,1.3,6,1,2,0,30,3,39,No,0.787179487,0.077777778,0.787179487,Hetero.diff
7ZM,9-Jun,sunny,73,11:44,AcnArbCapBac,3,Outside,AcnArb,1.9,6,1,3,0,20,4,30,No,0.7,0.1,0.7,Hetero.same
7ZM,9-Jun,sunny,73,11:44,AcnArbCapBac,3,Outside,AcnArb,1.9,6,3,3,0,12,6,24,No,0.55,0.1,0.55,Hetero.same
7ZM,9-Jun,sunny,73,11:44,AcnArbCapBac,3,Outside,AcnArb,1.9,0,5,1,0,0,6,6,No,0.133333333,0.133333333,0.133333333,Hetero.same
7ZM,9-Jun,sunny,73,11:44,AcnArbCapBac,4,Inside,AcnArb,1.9,0,7,3,0,0,10,10,No,0.16,0.16,0.16,Hetero.same
7ZM,9-Jun,sunny,73,11:44,AcnArbCapBac,4,Inside,AcnArb,1.9,0,8,9,0,18,17,35,No,0.614285714,0.205882353,0.614285714,Hetero.same
7ZM,9-Jun,sunny,73,11:44,AcnArbCapBac,4,Inside,AcnArb,1.9,0,3,4,0,4,7,11,No,0.5,0.214285714,0.5,Hetero.same
9DITO,12-Jun,cloudy,60,8:05,All,5,Outside,AcnArb,1.5,0,4,2,0,15,6,21,No,0.761904762,0.166666667,0.761904762,Hetero.All
9DITO,12-Jun,cloudy,60,8:05,All,5,Outside,AcnArb,1.5,0,3,3,0,15,6,21,No,0.771428571,0.2,0.771428571,Hetero.All
9DITO,12-Jun,cloudy,60,8:05,All,5,Outside,AcnArb,1.5,0,7,5,0,12,12,24,No,0.591666667,0.183333333,0.591666667,Hetero.All
9DITO,12-Jun,cloudy,60,8:05,All,6,Outside,AcnArb,1.4,5,1,0,0,13,1,19,No,0.689473684,0.016666667,0.689473684,Hetero.All
9DITO,12-Jun,cloudy,60,8:05,All,6,Outside,AcnArb,1.4,3,1,0,0,19,1,23,No,0.830434783,0.025,0.830434783,Hetero.All
9DITO,12-Jun,cloudy,60,8:05,All,6,Outside,AcnArb,1.4,6,0,0,0,17,0,23,No,0.739130435,0,0.739130435,Hetero.All
9DITO,12-Jun,sunny,66,9:41,AcnArbCasDec,1,Outside,AcnArb,1.3,1,2,1,0,17,3,21,No,0.833333333,0.125,0.833333333,Hetero.diff
9DITO,12-Jun,sunny,66,9:41,AcnArbCasDec,1,Outside,AcnArb,1.3,1,7,1,0,13,8,22,No,0.636363636,0.111111111,0.636363636,Hetero.diff
9DITO,12-Jun,sunny,66,9:41,AcnArbCasDec,1,Outside,AcnArb,1.3,6,3,0,0,9,3,18,No,0.516666667,0.033333333,0.516666667,Hetero.diff
9DITO,12-Jun,sunny,66,9:41,AcnArbCasDec,2,Inside,AcnArb,1.7,0,12,3,0,7,15,22,No,0.413636364,0.14,0.413636364,Hetero.diff
9DITO,12-Jun,sunny,66,9:41,AcnArbCasDec,2,Inside,AcnArb,1.7,0,7,6,0,4,13,17,No,0.382352941,0.192307692,0.382352941,Hetero.diff
9DITO,12-Jun,sunny,66,9:41,AcnArbCasDec,2,Inside,AcnArb,1.7,0,12,6,0,6,18,24,No,0.375,0.166666667,0.375,Hetero.diff
7ZM,17-Jun,sunny,56,10:12,AcnArbCasDec,3,Outside,AcnArb,1.4,0,9,1,1,16,11,27,No,0.664814815,0.177272727,0.664814815,Hetero.diff
7ZM,17-Jun,sunny,56,10:12,AcnArbCasDec,3,Outside,AcnArb,1.4,1,1,8,0,2,9,12,No,0.375,0.25,0.375,Hetero.diff
7ZM,17-Jun,sunny,56,10:12,AcnArbCasDec,3,Outside,AcnArb,1.4,1,4,4,0,5,8,14,No,0.471428571,0.177777778,0.471428571,Hetero.diff
7ZM,17-Jun,sunny,56,10:12,AcnArbCasDec,4,Inside,AcnArb,1.8,2,1,3,0,21,4,27,No,0.814814815,0.166666667,0.814814815,Hetero.diff
7ZM,17-Jun,sunny,56,10:12,AcnArbCasDec,4,Inside,AcnArb,1.8,2,1,2,0,6,3,11,No,0.609090909,0.14,0.609090909,Hetero.diff
7ZM,17-Jun,sunny,56,10:12,AcnArbCasDec,4,Inside,AcnArb,1.8,4,3,0,0,16,3,23,No,0.708695652,0.042857143,0.708695652,Hetero.diff
7ZM,17-Jun,sunny,54,10:38,AcnArbTreMic,3,Outside,AcnArb,1.2,0,0,0,0,10,0,10,No,1,0,1,Hetero.diff
7ZM,17-Jun,sunny,54,10:38,AcnArbTreMic,3,Outside,AcnArb,1.2,1,3,4,0,0,7,8,No,0.1875,0.1875,0.1875,Hetero.diff
7ZM,17-Jun,sunny,54,10:38,AcnArbTreMic,3,Outside,AcnArb,1.2,0,0,0,0,13,0,13,No,1,0,1,Hetero.diff
7ZM,17-Jun,sunny,54,10:38,AcnArbTreMic,4,Inside,AcnArb,1.7,15,5,9,0,16,14,45,No,0.426666667,0.110344828,0.426666667,Hetero.diff
7ZM,17-Jun,sunny,54,10:38,AcnArbTreMic,4,Inside,AcnArb,1.7,2,1,1,0,1,2,5,No,0.28,0.1,0.28,Hetero.diff
7ZM,17-Jun,sunny,54,10:38,AcnArbTreMic,4,Inside,AcnArb,1.7,4,7,1,1,7,9,20,No,0.4375,0.134615385,0.4375,Hetero.diff
7ZM,17-Jun,sunny,60,11:09,AcnArb,1,Outside,AcnArb,0.8,3,2,0,0,19,2,24,Yes,0.8,0.04,0.8,Intra
7ZM,17-Jun,sunny,60,11:09,AcnArb,1,Outside,AcnArb,0.8,1,3,0,0,22,3,26,Yes,0.857692308,0.075,0.857692308,Intra
7ZM,17-Jun,sunny,60,11:09,AcnArb,1,Outside,AcnArb,0.8,3,0,1,0,10,1,14,Yes,0.735714286,0.075,0.735714286,Intra
7ZM,17-Jun,sunny,60,11:09,AcnArb,2,Inside,AcnArb,1.3,2,6,1,0,2,7,11,No,0.263636364,0.1,0.263636364,Intra
7ZM,17-Jun,sunny,60,11:09,AcnArb,2,Inside,AcnArb,1.3,0,7,0,0,3,7,10,No,0.37,0.1,0.37,Intra
7ZM,17-Jun,sunny,60,11:09,AcnArb,2,Inside,AcnArb,1.3,4,4,1,0,11,5,20,No,0.585,0.077777778,0.585,Intra
7ZM,17-Jun,sunny,60,11:09,AcnArb,3,Inside,AcnArb,1.4,2,3,4,0,2,7,11,No,0.318181818,0.166666667,0.318181818,Intra
7ZM,17-Jun,sunny,60,11:09,AcnArb,3,Inside,AcnArb,1.4,0,3,6,0,1,9,10,No,0.31,0.233333333,0.31,Intra
7ZM,17-Jun,sunny,60,11:09,AcnArb,3,Inside,AcnArb,1.4,1,3,2,0,15,5,21,No,0.757142857,0.15,0.757142857,Intra
7ZM,17-Jun,sunny,60,11:09,AcnArb,4,Inside,AcnArb,1.4,6,8,9,1,26,18,50,No,0.605,0.177083333,0.605,Intra
7ZM,17-Jun,sunny,60,11:09,AcnArb,4,Inside,AcnArb,1.4,0,1,3,0,1,4,5,No,0.4,0.25,0.4,Intra
7ZM,17-Jun,sunny,60,11:09,AcnArb,4,Inside,AcnArb,1.4,1,1,2,0,1,3,5,No,0.34,0.175,0.34,Intra
7ZM,17-Jun,sunny,60,11:09,AcnArbCasSyl,1,Outside,AcnArb,1.1,7,1,4,0,10,5,22,No,0.513636364,0.108333333,0.513636364,Hetero.diff
7ZM,17-Jun,sunny,60,11:09,AcnArbCasSyl,1,Outside,AcnArb,1.1,7,0,2,0,21,2,30,No,0.72,0.066666667,0.72,Hetero.diff
7ZM,17-Jun,sunny,60,11:09,AcnArbCasSyl,1,Outside,AcnArb,1.1,0,2,4,1,8,7,15,No,0.676666667,0.307142857,0.676666667,Hetero.diff
7ZM,17-Jun,sunny,60,11:09,AcnArbCasSyl,2,Inside,AcnArb,1.3,8,2,1,0,3,3,14,No,0.25,0.045454545,0.25,Hetero.diff
7ZM,17-Jun,sunny,60,11:09,AcnArbCasSyl,2,Inside,AcnArb,1.3,4,4,2,0,8,6,18,No,0.5,0.1,0.5,Hetero.diff
7ZM,17-Jun,sunny,60,11:09,AcnArbCasSyl,2,Inside,AcnArb,1.3,2,0,4,0,11,4,17,No,0.717647059,0.2,0.717647059,Hetero.diff
5PF1,18-Jun,sunny,56,10:12,All,3,Outside,AcnArb,1.1,6,0,6,0,6,6,18,No,0.433333333,0.15,0.433333333,Hetero.All
5PF1,18-Jun,sunny,56,10:12,All,3,Outside,AcnArb,1.1,15,0,2,0,18,2,35,No,0.531428571,0.035294118,0.531428571,Hetero.All
5PF1,18-Jun,sunny,56,10:12,All,3,Outside,AcnArb,1.1,15,0,2,0,8,2,25,No,0.344,0.035294118,0.344,Hetero.All
5PF1,18-Jun,sunny,56,10:12,All,10,Outside,AcnArb,1.5,0,7,14,0,12,21,33,No,0.512121212,0.233333333,0.512121212,Hetero.All
5PF1,18-Jun,sunny,56,10:12,All,10,Outside,AcnArb,1.5,0,5,16,0,10,21,31,No,0.493548387,0.252380952,0.493548387,Hetero.All
5PF1,18-Jun,sunny,56,10:12,All,10,Outside,AcnArb,1.5,0,10,7,2,6,19,25,No,0.424,0.242105263,0.424,Hetero.All
5PF1,18-Jun,sunny,61,11:35,AcnArbCelIgu,1,Outside,AcnArb,1.2,0,13,1,0,12,14,26,No,0.523076923,0.114285714,0.523076923,Hetero.diff
5PF1,18-Jun,sunny,61,11:35,AcnArbCelIgu,1,Outside,AcnArb,1.2,0,11,0,0,11,11,22,No,0.55,0.1,0.55,Hetero.diff
5PF1,18-Jun,sunny,61,11:35,AcnArbCelIgu,1,Outside,AcnArb,1.2,0,8,0,0,8,8,16,No,0.55,0.1,0.55,Hetero.diff
5PF1,18-Jun,sunny,61,11:35,AcnArbCelIgu,2,Inside,AcnArb,1.4,0,9,10,0,7,19,26,No,0.419230769,0.205263158,0.419230769,Hetero.diff
5PF1,18-Jun,sunny,61,11:35,AcnArbCelIgu,2,Inside,AcnArb,1.4,0,3,5,0,0,8,8,No,0.225,0.225,0.225,Hetero.diff
5PF1,18-Jun,sunny,61,11:35,AcnArbCelIgu,2,Inside,AcnArb,1.4,0,5,4,0,2,9,11,No,0.336363636,0.188888889,0.336363636,Hetero.diff
5PF1,18-Jun,sunny,63,11:53,AcnArbCasSyl,3,Outside,AcnArb,1.5,0,4,0,0,12,4,16,Yes,0.775,0.1,0.775,Hetero.diff
5PF1,18-Jun,sunny,63,11:53,AcnArbCasSyl,3,Outside,AcnArb,1.5,0,0,0,0,8,0,8,Yes,1,0,1,Hetero.diff
5PF1,18-Jun,sunny,63,11:53,AcnArbCasSyl,3,Outside,AcnArb,1.5,1,1,0,0,16,1,18,Yes,0.894444444,0.05,0.894444444,Hetero.diff
5PF1,18-Jun,sunny,63,11:53,AcnArbCasSyl,4,Inside,AcnArb,1.6,0,4,2,0,3,6,9,No,0.444444444,0.166666667,0.444444444,Hetero.diff
5PF1,18-Jun,sunny,63,11:53,AcnArbCasSyl,4,Inside,AcnArb,1.6,0,14,5,0,19,19,38,No,0.576315789,0.152631579,0.576315789,Hetero.diff
5PF1,18-Jun,sunny,63,11:53,AcnArbCasSyl,4,Inside,AcnArb,1.6,0,5,1,0,9,6,15,No,0.653333333,0.133333333,0.653333333,Hetero.diff
5PF1,18-Jun,sunny,63,12:02,AcnArbCasDec,1,Outside,AcnArb,1.2,0,8,2,0,11,10,21,No,0.59047619,0.14,0.59047619,Hetero.diff
5PF1,18-Jun,sunny,63,12:02,AcnArbCasDec,1,Outside,AcnArb,1.2,0,6,1,0,13,7,20,No,0.695,0.128571429,0.695,Hetero.diff
5PF1,18-Jun,sunny,63,12:02,AcnArbCasDec,1,Outside,AcnArb,1.2,0,8,3,0,17,11,28,No,0.667857143,0.154545455,0.667857143,Hetero.diff
5PF1,18-Jun,sunny,63,12:02,AcnArbCasDec,2,Inside,AcnArb,1.6,0,10,4,0,11,14,25,No,0.528,0.157142857,0.528,Hetero.diff
5PF1,18-Jun,sunny,63,12:02,AcnArbCasDec,2,Inside,AcnArb,1.6,0,8,4,1,14,13,27,No,0.62037037,0.211538462,0.62037037,Hetero.diff
5PF1,18-Jun,sunny,63,12:02,AcnArbCasDec,2,Inside,AcnArb,1.6,0,3,2,0,16,5,21,No,0.804761905,0.18,0.804761905,Hetero.diff
4AJ,20-Jun,cloudy,53,8:20,AcnArbCapBac,1,Outside,AcnArb,1.3,7,11,2,1,23,14,44,No,0.578409091,0.116666667,0.578409091,Hetero.same
4AJ,20-Jun,cloudy,53,8:20,AcnArbCapBac,1,Outside,AcnArb,1.3,5,13,1,0,25,14,44,No,0.604545455,0.084210526,0.604545455,Hetero.same
4AJ,20-Jun,cloudy,53,8:20,AcnArbCapBac,1,Outside,AcnArb,1.3,4,8,5,0,22,13,39,No,0.623076923,0.135294118,0.623076923,Hetero.same
4AJ,20-Jun,cloudy,53,8:20,AcnArbCapBac,2,Inside,AcnArb,1.6,3,0,0,0,29,0,32,No,0.90625,0,0.90625,Hetero.same
4AJ,20-Jun,cloudy,53,8:20,AcnArbCapBac,2,Inside,AcnArb,1.6,2,0,0,0,32,0,34,No,0.941176471,0,0.941176471,Hetero.same
4AJ,20-Jun,cloudy,53,8:20,AcnArbCapBac,2,Inside,AcnArb,1.6,1,0,0,0,27,0,28,No,0.964285714,0,0.964285714,Hetero.same
4AJ,20-Jun,cloudy,53,9:11,AcnArbCasDec,3,Outside,AcnArb,1.5,0,2,2,0,16,4,20,No,0.84,0.2,0.84,Hetero.diff
4AJ,20-Jun,cloudy,53,9:11,AcnArbCasDec,3,Outside,AcnArb,1.5,0,7,2,1,10,10,20,No,0.6025,0.205,0.6025,Hetero.diff
4AJ,20-Jun,cloudy,53,9:11,AcnArbCasDec,3,Outside,AcnArb,1.5,0,15,10,0,10,25,35,No,0.414285714,0.18,0.414285714,Hetero.diff
4AJ,20-Jun,cloudy,53,9:11,AcnArbCasDec,4,Inside,AcnArb,1,0,0,0,0,34,0,34,No,1,0,1,Hetero.diff
4AJ,20-Jun,cloudy,53,9:11,AcnArbCasDec,4,Inside,AcnArb,1,0,0,0,0,28,0,28,No,1,0,1,Hetero.diff
4AJ,20-Jun,cloudy,53,9:11,AcnArbCasDec,4,Inside,AcnArb,1,0,0,0,0,31,0,31,No,1,0,1,Hetero.diff
4AJ,20-Jun,cloudy,57,9:39,AcnArb,1,Outside,AcnArb,2.1,0,0,0,0,32,0,32,No,1,0,1,Intra
4AJ,20-Jun,cloudy,57,9:39,AcnArb,1,Outside,AcnArb,2.1,0,1,5,0,20,6,26,No,0.830769231,0.266666667,0.830769231,Intra
4AJ,20-Jun,cloudy,57,9:39,AcnArb,1,Outside,AcnArb,2.1,0,2,6,0,22,8,30,No,0.8,0.25,0.8,Intra
4AJ,20-Jun,cloudy,57,9:39,AcnArb,2,Inside,AcnArb,1.4,0,0,0,0,27,0,27,No,1,0,1,Intra
4AJ,20-Jun,cloudy,57,9:39,AcnArb,2,Inside,AcnArb,1.4,0,0,0,0,29,0,29,No,1,0,1,Intra
4AJ,20-Jun,cloudy,57,9:39,AcnArb,2,Inside,AcnArb,1.4,0,0,0,0,23,0,23,No,1,0,1,Intra
4AJ,20-Jun,cloudy,57,9:39,AcnArb,3,Inside,AcnArb,1.4,0,0,1,0,27,1,28,No,0.975,0.3,0.975,Intra
4AJ,20-Jun,cloudy,57,9:39,AcnArb,3,Inside,AcnArb,1.4,0,6,4,0,34,10,44,No,0.813636364,0.18,0.813636364,Intra
4AJ,20-Jun,cloudy,57,9:39,AcnArb,3,Inside,AcnArb,1.4,0,0,0,0,26,0,26,No,1,0,1,Intra
4AJ,20-Jun,cloudy,57,9:39,AcnArb,4,Inside,AcnArb,2,0,0,0,0,47,0,47,No,1,0,1,Intra
4AJ,20-Jun,cloudy,57,9:39,AcnArb,4,Inside,AcnArb,2,0,0,0,0,19,0,19,No,1,0,1,Intra
4AJ,20-Jun,cloudy,57,9:39,AcnArb,4,Inside,AcnArb,2,0,2,0,0,12,2,14,No,0.871428571,0.1,0.871428571,Intra
4AJ,20-Jun,sunny,60,10:19,AcnArbTreMic,1,Outside,AcnArb,1.6,0,9,1,0,21,10,31,No,0.716129032,0.12,0.716129032,Hetero.diff
4AJ,20-Jun,sunny,60,10:19,AcnArbTreMic,1,Outside,AcnArb,1.6,0,7,0,0,16,7,23,No,0.726086957,0.1,0.726086957,Hetero.diff
4AJ,20-Jun,sunny,60,10:19,AcnArbTreMic,1,Outside,AcnArb,1.6,2,3,0,0,24,3,29,No,0.837931034,0.06,0.837931034,Hetero.diff
4AJ,20-Jun,sunny,60,10:19,AcnArbTreMic,2,Inside,AcnArb,2.6,0,20,8,1,20,29,49,No,0.513265306,0.177586207,0.513265306,Hetero.diff
4AJ,20-Jun,sunny,60,10:19,AcnArbTreMic,2,Inside,AcnArb,2.6,0,5,4,0,9,9,18,No,0.594444444,0.188888889,0.594444444,Hetero.diff
4AJ,20-Jun,sunny,60,10:19,AcnArbTreMic,2,Inside,AcnArb,2.6,0,5,0,0,16,5,21,No,0.785714286,0.1,0.785714286,Hetero.diff
4AJ,20-Jun,sunny,61,10:46,AcnArbCasSyl,1,Outside,AcnArb,2,5,5,1,0,11,6,22,No,0.536363636,0.072727273,0.536363636,Hetero.diff
4AJ,20-Jun,sunny,61,10:46,AcnArbCasSyl,1,Outside,AcnArb,2,0,2,2,0,29,4,33,No,0.903030303,0.2,0.903030303,Hetero.diff
4AJ,20-Jun,sunny,61,10:46,AcnArbCasSyl,1,Outside,AcnArb,2,5,4,1,0,23,5,33,No,0.718181818,0.07,0.718181818,Hetero.diff
4AJ,20-Jun,sunny,61,10:46,AcnArbCasSyl,2,Inside,AcnArb,2.1,0,11,0,0,29,11,40,No,0.7525,0.1,0.7525,Hetero.diff
4AJ,20-Jun,sunny,61,10:46,AcnArbCasSyl,2,Inside,AcnArb,2.1,0,3,3,0,20,6,26,No,0.815384615,0.2,0.815384615,Hetero.diff
4AJ,20-Jun,sunny,61,10:46,AcnArbCasSyl,2,Inside,AcnArb,2.1,0,0,0,0,14,0,14,No,1,0,1,Hetero.diff
4AJ,21-Jun,partly cloudy,61,9:40,All,3,Outside,AcnArb,1.3,4,4,0,0,20,4,28,No,0.728571429,0.05,0.728571429,Hetero.All
4AJ,21-Jun,partly cloudy,61,9:40,All,3,Outside,AcnArb,1.3,6,5,3,0,5,8,19,No,0.336842105,0.1,0.336842105,Hetero.All
4AJ,21-Jun,partly cloudy,61,9:40,All,3,Outside,AcnArb,1.3,1,4,3,0,25,7,33,No,0.796969697,0.1625,0.796969697,Hetero.All
4AJ,21-Jun,partly cloudy,61,9:40,All,6,Outside,AcnArb,1.5,3,3,2,1,1,6,10,No,0.265,0.183333333,0.265,Hetero.All
4AJ,21-Jun,partly cloudy,61,9:40,All,6,Outside,AcnArb,1.5,7,4,3,0,11,7,25,No,0.492,0.092857143,0.492,Hetero.All
4AJ,21-Jun,partly cloudy,61,9:40,All,6,Outside,AcnArb,1.5,6,1,2,0,2,3,11,No,0.245454545,0.077777778,0.245454545,Hetero.All
4AJ,21-Jun,sunny,65,10:22,AcnArbCelIgu,1,Outside,AcnArb,1.5,0,2,0,0,17,2,19,No,0.905263158,0.1,0.905263158,Hetero.diff
4AJ,21-Jun,sunny,65,10:22,AcnArbCelIgu,1,Outside,AcnArb,1.5,1,2,0,0,26,2,29,No,0.903448276,0.066666667,0.903448276,Hetero.diff
4AJ,21-Jun,sunny,65,10:22,AcnArbCelIgu,1,Outside,AcnArb,1.5,0,0,0,0,16,0,16,No,1,0,1,Hetero.diff
4AJ,21-Jun,sunny,65,10:22,AcnArbCelIgu,2,Inside,AcnArb,1.8,0,3,0,0,15,3,18,No,0.85,0.1,0.85,Hetero.diff
4AJ,21-Jun,sunny,65,10:22,AcnArbCelIgu,2,Inside,AcnArb,1.8,0,3,0,0,5,3,8,No,0.6625,0.1,0.6625,Hetero.diff
4AJ,21-Jun,sunny,65,10:22,AcnArbCelIgu,2,Inside,AcnArb,1.8,0,3,5,0,9,8,17,No,0.635294118,0.225,0.635294118,Hetero.diff
8NEI,24-Jun,sunny,61,9:12,AcnArbCasDec,1,Outside,AcnArb,1.5,0,0,2,1,21,3,24,No,0.93125,0.45,0.93125,Hetero.diff
8NEI,24-Jun,sunny,61,9:12,AcnArbCasDec,1,Outside,AcnArb,1.5,0,0,0,0,11,0,11,No,1,0,1,Hetero.diff
8NEI,24-Jun,sunny,61,9:12,AcnArbCasDec,1,Outside,AcnArb,1.5,7,3,2,0,5,5,17,No,0.347058824,0.075,0.347058824,Hetero.diff
8NEI,24-Jun,sunny,61,9:12,AcnArbCasDec,2,Inside,AcnArb,1.7,1,5,2,0,15,7,23,No,0.7,0.1375,0.7,Hetero.diff
8NEI,24-Jun,sunny,61,9:12,AcnArbCasDec,2,Inside,AcnArb,1.7,4,2,1,0,14,3,21,No,0.69047619,0.071428571,0.69047619,Hetero.diff
8NEI,24-Jun,sunny,61,9:12,AcnArbCasDec,2,Inside,AcnArb,1.7,11,2,1,0,31,3,45,No,0.7,0.035714286,0.7,Hetero.diff
8NEI,24-Jun,sunny,63,9:31,AcnArbCelIgu,3,Outside,AcnArb,1.2,0,2,0,0,20,2,22,No,0.918181818,0.1,0.918181818,Hetero.diff
8NEI,24-Jun,sunny,63,9:31,AcnArbCelIgu,3,Outside,AcnArb,1.2,4,4,5,0,18,9,31,No,0.641935484,0.146153846,0.641935484,Hetero.diff
8NEI,24-Jun,sunny,63,9:31,AcnArbCelIgu,3,Outside,AcnArb,1.2,0,0,0,0,14,0,14,No,1,0,1,Hetero.diff
8NEI,24-Jun,sunny,63,9:31,AcnArbCelIgu,4,Inside,AcnArb,1.5,1,3,0,0,14,3,18,No,0.794444444,0.075,0.794444444,Hetero.diff
8NEI,24-Jun,sunny,63,9:31,AcnArbCelIgu,4,Inside,AcnArb,1.5,2,1,0,0,14,1,17,No,0.829411765,0.033333333,0.829411765,Hetero.diff
8NEI,24-Jun,sunny,63,9:31,AcnArbCelIgu,4,Inside,AcnArb,1.5,1,8,2,0,14,10,25,No,0.616,0.127272727,0.616,Hetero.diff
8NEI,24-Jun,sunny,66,9:58,AcnArbCasSyl,3,Outside,AcnArb,1.6,4,5,2,0,10,7,21,No,0.528571429,0.1,0.528571429,Hetero.diff
8NEI,24-Jun,sunny,66,9:58,AcnArbCasSyl,3,Outside,AcnArb,1.6,0,0,0,0,14,0,14,No,1,0,1,Hetero.diff
8NEI,24-Jun,sunny,66,9:58,AcnArbCasSyl,3,Outside,AcnArb,1.6,4,12,7,0,18,19,41,No,0.519512195,0.143478261,0.519512195,Hetero.diff
8NEI,24-Jun,sunny,66,9:58,AcnArbCasSyl,4,Inside,AcnArb,1.4,1,1,1,0,4,2,7,No,0.628571429,0.133333333,0.628571429,Hetero.diff
8NEI,24-Jun,sunny,66,9:58,AcnArbCasSyl,4,Inside,AcnArb,1.4,1,1,2,0,13,3,17,No,0.805882353,0.175,0.805882353,Hetero.diff
8NEI,24-Jun,sunny,66,9:58,AcnArbCasSyl,4,Inside,AcnArb,1.4,0,5,0,0,3,5,8,No,0.4375,0.1,0.4375,Hetero.diff
8NEI,24-Jun,sunny,68,10:15,All,3,Outside,AcnArb,1.8,0,0,0,0,10,0,10,No,1,0,1,Hetero.All
8NEI,24-Jun,sunny,68,10:15,All,3,Outside,AcnArb,1.8,0,6,1,0,2,7,9,No,0.322222222,0.128571429,0.322222222,Hetero.All
8NEI,24-Jun,sunny,68,10:15,All,3,Outside,AcnArb,1.8,6,9,1,0,13,10,29,No,0.489655172,0.075,0.489655172,Hetero.All
8NEI,24-Jun,sunny,68,10:15,All,10,Outside,AcnArb,1.7,0,15,7,1,10,23,33,No,0.434848485,0.189130435,0.434848485,Hetero.All
8NEI,24-Jun,sunny,68,10:15,All,10,Outside,AcnArb,1.7,0,0,0,0,9,0,9,No,1,0,1,Hetero.All
8NEI,24-Jun,sunny,68,10:15,All,10,Outside,AcnArb,1.7,5,3,0,0,0,3,8,No,0.0375,0.0375,0.0375,Hetero.All
8NEI,24-Jun,sunny,71,10:50,AcnArbCapBac,1,Outside,AcnArb,1.5,0,0,0,0,13,0,13,No,1,0,1,Hetero.same
8NEI,24-Jun,sunny,71,10:50,AcnArbCapBac,1,Outside,AcnArb,1.5,1,2,0,0,14,2,17,No,0.835294118,0.066666667,0.835294118,Hetero.same
8NEI,24-Jun,sunny,71,10:50,AcnArbCapBac,1,Outside,AcnArb,1.5,1,2,0,0,23,2,26,No,0.892307692,0.066666667,0.892307692,Hetero.same
8NEI,24-Jun,sunny,71,10:50,AcnArbCapBac,2,Inside,AcnArb,1.3,22,11,1,0,6,12,40,No,0.185,0.041176471,0.185,Hetero.same
8NEI,24-Jun,sunny,71,10:50,AcnArbCapBac,2,Inside,AcnArb,1.3,0,0,0,0,10,0,10,No,1,0,1,Hetero.same
8NEI,24-Jun,sunny,71,10:50,AcnArbCapBac,2,Inside,AcnArb,1.3,2,2,2,0,1,4,7,No,0.257142857,0.133333333,0.257142857,Hetero.same
8NEI,24-Jun,sunny,72,11:00,AcnArb,1,Outside,AcnArb,1.9,0,5,3,0,21,8,29,No,0.772413793,0.175,0.772413793,Intra
8NEI,24-Jun,sunny,72,11:00,AcnArb,1,Outside,AcnArb,1.9,4,2,0,0,8,2,14,No,0.585714286,0.033333333,0.585714286,Intra
8NEI,24-Jun,sunny,72,11:00,AcnArb,1,Outside,AcnArb,1.9,6,2,2,0,24,4,34,No,0.729411765,0.08,0.729411765,Intra
8NEI,24-Jun,sunny,72,11:00,AcnArb,2,Inside,AcnArb,1.4,0,6,3,1,9,10,19,No,0.592105263,0.225,0.592105263,Intra
8NEI,24-Jun,sunny,72,11:00,AcnArb,2,Inside,AcnArb,1.4,0,0,0,0,8,0,8,No,1,0,1,Intra
8NEI,24-Jun,sunny,72,11:00,AcnArb,2,Inside,AcnArb,1.4,3,4,2,0,15,6,24,No,0.666666667,0.111111111,0.666666667,Intra
8NEI,24-Jun,sunny,72,11:00,AcnArb,3,Inside,AcnArb,1.9,2,2,3,0,10,5,17,No,0.652941176,0.157142857,0.652941176,Intra
8NEI,24-Jun,sunny,72,11:00,AcnArb,3,Inside,AcnArb,1.9,1,7,1,0,9,8,18,No,0.555555556,0.111111111,0.555555556,Intra
8NEI,24-Jun,sunny,72,11:00,AcnArb,3,Inside,AcnArb,1.9,0,8,6,0,14,14,28,No,0.592857143,0.185714286,0.592857143,Intra
8NEI,24-Jun,sunny,72,11:00,AcnArb,4,Inside,AcnArb,1.6,0,7,5,0,13,12,25,No,0.608,0.183333333,0.608,Intra
8NEI,24-Jun,sunny,72,11:00,AcnArb,4,Inside,AcnArb,1.6,0,7,2,0,7,9,16,No,0.51875,0.144444444,0.51875,Intra
8NEI,24-Jun,sunny,72,11:00,AcnArb,4,Inside,AcnArb,1.6,0,5,0,0,13,5,18,No,0.75,0.1,0.75,Intra
8NEI,24-Jun,sunny,73,11:23,AcnArbTreMic,1,Outside,AcnArb,1.3,6,7,4,0,10,11,27,No,0.440740741,0.111764706,0.440740741,Hetero.diff
8NEI,24-Jun,sunny,73,11:23,AcnArbTreMic,1,Outside,AcnArb,1.3,5,0,0,0,1,0,6,No,0.166666667,0,0.166666667,Hetero.diff
8NEI,24-Jun,sunny,73,11:23,AcnArbTreMic,1,Outside,AcnArb,1.3,2,1,2,0,1,3,6,No,0.283333333,0.14,0.283333333,Hetero.diff
8NEI,24-Jun,sunny,73,11:23,AcnArbTreMic,2,Inside,AcnArb,1.6,0,7,2,0,4,9,13,No,0.407692308,0.144444444,0.407692308,Hetero.diff
8NEI,24-Jun,sunny,73,11:23,AcnArbTreMic,2,Inside,AcnArb,1.6,0,7,0,0,24,7,31,No,0.796774194,0.1,0.796774194,Hetero.diff
8NEI,24-Jun,sunny,73,11:23,AcnArbTreMic,2,Inside,AcnArb,1.6,0,6,0,0,3,6,9,No,0.4,0.1,0.4,Hetero.diff
5PF1,26-Jun,sunny,64,9:36,AcnArbTreMic,3,Outside,AcnArb,1.3,0,8,0,0,13,8,21,No,0.657142857,0.1,0.657142857,Hetero.diff
5PF1,26-Jun,sunny,64,9:36,AcnArbTreMic,3,Outside,AcnArb,1.3,5,4,2,0,12,6,23,No,0.565217391,0.090909091,0.565217391,Hetero.diff
5PF1,26-Jun,sunny,64,9:36,AcnArbTreMic,3,Outside,AcnArb,1.3,7,0,10,1,14,11,32,No,0.5546875,0.208333333,0.5546875,Hetero.diff
5PF1,26-Jun,sunny,64,9:36,AcnArbTreMic,4,Inside,AcnArb,1.3,10,1,5,0,13,6,29,No,0.503448276,0.1,0.503448276,Hetero.diff
5PF1,26-Jun,sunny,64,9:36,AcnArbTreMic,4,Inside,AcnArb,1.3,6,2,1,0,2,3,11,No,0.227272727,0.055555556,0.227272727,Hetero.diff
5PF1,26-Jun,sunny,64,9:36,AcnArbTreMic,4,Inside,AcnArb,1.3,4,1,3,0,14,4,22,No,0.681818182,0.125,0.681818182,Hetero.diff
5PF1,26-Jun,sunny,67,10:10,AcnArbCapBac,1,Outside,AcnArb,1.5,3,3,2,0,10,5,18,No,0.605555556,0.1125,0.605555556,Hetero.same
5PF1,26-Jun,sunny,67,10:10,AcnArbCapBac,1,Outside,AcnArb,1.5,3,0,5,0,2,5,10,No,0.35,0.1875,0.35,Hetero.same
5PF1,26-Jun,sunny,67,10:10,AcnArbCapBac,1,Outside,AcnArb,1.5,4,2,0,0,3,2,9,No,0.355555556,0.033333333,0.355555556,Hetero.same
5PF1,26-Jun,sunny,67,10:10,AcnArbCapBac,2,Inside,AcnArb,1.2,2,2,2,0,8,4,14,No,0.628571429,0.133333333,0.628571429,Hetero.same
5PF1,26-Jun,sunny,67,10:10,AcnArbCapBac,2,Inside,AcnArb,1.2,5,0,3,0,9,3,17,No,0.582352941,0.1125,0.582352941,Hetero.same
5PF1,26-Jun,sunny,67,10:10,AcnArbCapBac,2,Inside,AcnArb,1.2,2,4,3,0,9,7,18,No,0.572222222,0.144444444,0.572222222,Hetero.same
5PF1,26-Jun,sunny,70,10:44,AcnArb,1,Outside,AcnArb,0.9,0,5,5,0,10,10,20,No,0.6,0.2,0.6,Intra
5PF1,26-Jun,sunny,70,10:44,AcnArb,1,Outside,AcnArb,0.9,0,0,7,1,5,8,13,No,0.603846154,0.35625,0.603846154,Intra
5PF1,26-Jun,sunny,70,10:44,AcnArb,1,Outside,AcnArb,0.9,0,3,4,0,3,7,10,No,0.45,0.214285714,0.45,Intra
5PF1,26-Jun,sunny,70,10:44,AcnArb,2,Inside,AcnArb,1.4,1,5,5,0,0,10,11,No,0.181818182,0.181818182,0.181818182,Intra
5PF1,26-Jun,sunny,70,10:44,AcnArb,2,Inside,AcnArb,1.4,0,10,5,0,0,15,15,No,0.166666667,0.166666667,0.166666667,Intra
5PF1,26-Jun,sunny,70,10:44,AcnArb,2,Inside,AcnArb,1.4,4,2,0,0,1,2,7,No,0.171428571,0.033333333,0.171428571,Intra
5PF1,26-Jun,sunny,70,10:44,AcnArb,3,Inside,AcnArb,1.4,0,6,5,0,0,11,11,No,0.190909091,0.190909091,0.190909091,Intra
5PF1,26-Jun,sunny,70,10:44,AcnArb,3,Inside,AcnArb,1.4,3,1,0,0,3,1,7,No,0.442857143,0.025,0.442857143,Intra
5PF1,26-Jun,sunny,70,10:44,AcnArb,3,Inside,AcnArb,1.4,5,8,3,0,0,11,16,No,0.10625,0.10625,0.10625,Intra
5PF1,26-Jun,sunny,70,10:44,AcnArb,4,Inside,AcnArb,1.6,7,1,0,0,11,1,19,No,0.584210526,0.0125,0.584210526,Intra
5PF1,26-Jun,sunny,70,10:44,AcnArb,4,Inside,AcnArb,1.6,4,1,1,0,18,2,24,No,0.766666667,0.066666667,0.766666667,Intra
5PF1,26-Jun,sunny,70,10:44,AcnArb,4,Inside,AcnArb,1.6,8,5,5,0,0,10,18,No,0.111111111,0.111111111,0.111111111,Intra
10JG,27-Jun,sunny,60,9:40,AcnArbTreMic,1,Outside,AcnArb,1.4,6,6,0,0,0,6,12,No,0.05,0.05,0.05,Hetero.diff
10JG,27-Jun,sunny,60,9:40,AcnArbTreMic,1,Outside,AcnArb,1.4,7,6,1,0,0,7,14,No,0.064285714,0.064285714,0.064285714,Hetero.diff
10JG,27-Jun,sunny,60,9:40,AcnArbTreMic,1,Outside,AcnArb,1.4,4,4,0,0,0,4,8,No,0.05,0.05,0.05,Hetero.diff
10JG,27-Jun,sunny,60,9:40,AcnArbTreMic,2,Inside,AcnArb,1.5,14,1,1,0,0,2,16,No,0.025,0.025,0.025,Hetero.diff
10JG,27-Jun,sunny,60,9:40,AcnArbTreMic,2,Inside,AcnArb,1.5,8,0,0,0,0,0,8,No,0,0,0,Hetero.diff
10JG,27-Jun,sunny,60,9:40,AcnArbTreMic,2,Inside,AcnArb,1.5,8,5,0,0,0,5,13,No,0.038461538,0.038461538,0.038461538,Hetero.diff
10JG,27-Jun,sunny,66,9:56,AcnArbCasDec,1,Outside,AcnArb,1.4,0,4,4,0,4,8,12,No,0.466666667,0.2,0.466666667,Hetero.diff
10JG,27-Jun,sunny,66,9:56,AcnArbCasDec,1,Outside,AcnArb,1.4,0,12,13,0,3,25,28,No,0.289285714,0.204,0.289285714,Hetero.diff
10JG,27-Jun,sunny,66,9:56,AcnArbCasDec,1,Outside,AcnArb,1.4,0,5,4,0,8,9,17,No,0.570588235,0.188888889,0.570588235,Hetero.diff
10JG,27-Jun,sunny,66,9:56,AcnArbCasDec,2,Inside,AcnArb,1.5,0,9,3,0,10,12,22,No,0.536363636,0.15,0.536363636,Hetero.diff
10JG,27-Jun,sunny,66,9:56,AcnArbCasDec,2,Inside,AcnArb,1.5,0,10,4,0,12,14,26,No,0.546153846,0.157142857,0.546153846,Hetero.diff
10JG,27-Jun,sunny,66,9:56,AcnArbCasDec,2,Inside,AcnArb,1.5,0,5,5,0,5,10,15,No,0.466666667,0.2,0.466666667,Hetero.diff
10JG,27-Jun,sunny,71,11:03,AcnArbCelIgu,1,Outside,AcnArb,1,0,3,6,0,20,9,29,No,0.762068966,0.233333333,0.762068966,Hetero.diff
10JG,27-Jun,sunny,71,11:03,AcnArbCelIgu,1,Outside,AcnArb,1,0,4,7,0,15,11,26,No,0.673076923,0.227272727,0.673076923,Hetero.diff
10JG,27-Jun,sunny,71,11:03,AcnArbCelIgu,1,Outside,AcnArb,1,0,2,6,0,14,8,22,No,0.727272727,0.25,0.727272727,Hetero.diff
10JG,27-Jun,sunny,71,11:03,AcnArbCelIgu,2,Inside,AcnArb,1.2,0,1,8,1,19,10,29,No,0.767241379,0.325,0.767241379,Hetero.diff
10JG,27-Jun,sunny,71,11:03,AcnArbCelIgu,2,Inside,AcnArb,1.2,0,4,5,0,14,9,23,No,0.691304348,0.211111111,0.691304348,Hetero.diff
10JG,27-Jun,sunny,71,11:03,AcnArbCelIgu,2,Inside,AcnArb,1.2,0,7,6,0,11,13,24,No,0.5625,0.192307692,0.5625,Hetero.diff
10JG,28-Jun,sunny,61,9:17,AcnArb,1,Outside,AcnArb,1.5,4,7,2,0,9,9,22,No,0.468181818,0.1,0.468181818,Intra
10JG,28-Jun,sunny,61,9:17,AcnArb,1,Outside,AcnArb,1.5,3,5,8,0,8,13,24,No,0.454166667,0.18125,0.454166667,Intra
10JG,28-Jun,sunny,61,9:17,AcnArb,1,Outside,AcnArb,1.5,3,8,6,0,5,14,22,No,0.345454545,0.152941176,0.345454545,Intra
10JG,28-Jun,sunny,61,9:17,AcnArb,2,Inside,AcnArb,1.1,0,4,4,1,14,9,23,No,0.710869565,0.261111111,0.710869565,Intra
10JG,28-Jun,sunny,61,9:17,AcnArb,2,Inside,AcnArb,1.1,2,2,4,0,9,6,17,No,0.611764706,0.175,0.611764706,Intra
10JG,28-Jun,sunny,61,9:17,AcnArb,2,Inside,AcnArb,1.1,1,6,9,0,8,15,24,No,0.470833333,0.20625,0.470833333,Intra
10JG,28-Jun,sunny,61,9:17,AcnArb,3,Inside,AcnArb,1.1,2,6,3,0,9,9,20,No,0.525,0.136363636,0.525,Intra
10JG,28-Jun,sunny,61,9:17,AcnArb,3,Inside,AcnArb,1.1,2,3,3,0,15,6,23,No,0.704347826,0.15,0.704347826,Intra
10JG,28-Jun,sunny,61,9:17,AcnArb,3,Inside,AcnArb,1.1,1,4,4,0,11,8,20,No,0.63,0.177777778,0.63,Intra
10JG,28-Jun,sunny,61,9:17,AcnArb,4,Inside,AcnArb,1.5,4,7,0,0,13,7,24,No,0.570833333,0.063636364,0.570833333,Intra
10JG,28-Jun,sunny,61,9:17,AcnArb,4,Inside,AcnArb,1.5,0,9,2,0,15,11,26,No,0.634615385,0.136363636,0.634615385,Intra
10JG,28-Jun,sunny,61,9:17,AcnArb,4,Inside,AcnArb,1.5,3,5,6,1,14,12,29,No,0.587931034,0.203333333,0.587931034,Intra
10JG,28-Jun,sunny,61,9:28,All,3,Outside,AcnArb,1.3,2,5,0,0,3,5,10,No,0.35,0.071428571,0.35,Hetero.All
10JG,28-Jun,sunny,61,9:28,All,3,Outside,AcnArb,1.3,0,2,3,1,2,6,8,No,0.48125,0.308333333,0.48125,Hetero.All
10JG,28-Jun,sunny,61,9:28,All,3,Outside,AcnArb,1.3,1,2,4,0,2,6,9,No,0.377777778,0.2,0.377777778,Hetero.All
10JG,28-Jun,sunny,61,9:28,All,10,Outside,AcnArb,1.5,0,3,9,0,13,12,25,No,0.64,0.25,0.64,Hetero.All
10JG,28-Jun,sunny,61,9:28,All,10,Outside,AcnArb,1.5,2,3,6,0,9,9,20,No,0.555,0.190909091,0.555,Hetero.All
10JG,28-Jun,sunny,61,9:28,All,10,Outside,AcnArb,1.5,0,4,5,0,1,9,10,No,0.29,0.211111111,0.29,Hetero.All
10JG,28-Jun,sunny,61,9:53,AcnArbCasSyl,3,Outside,AcnArb,1.5,3,0,1,0,26,1,30,No,0.876666667,0.075,0.876666667,Hetero.diff
10JG,28-Jun,sunny,61,9:53,AcnArbCasSyl,3,Outside,AcnArb,1.5,0,10,8,0,15,18,33,No,0.557575758,0.188888889,0.557575758,Hetero.diff
10JG,28-Jun,sunny,61,9:53,AcnArbCasSyl,3,Outside,AcnArb,1.5,0,11,6,0,14,17,31,No,0.54516129,0.170588235,0.54516129,Hetero.diff
10JG,28-Jun,sunny,61,9:53,AcnArbCasSyl,4,Inside,AcnArb,1.6,0,4,6,0,18,10,28,No,0.721428571,0.22,0.721428571,Hetero.diff
10JG,28-Jun,sunny,61,9:53,AcnArbCasSyl,4,Inside,AcnArb,1.6,,8,6,0,18,14,32,No,0.64375,0.185714286,0.64375,Hetero.diff
10JG,28-Jun,sunny,61,9:53,AcnArbCasSyl,4,Inside,AcnArb,1.6,0,12,13,0,14,25,39,No,0.48974359,0.204,0.48974359,Hetero.diff
10JG,28-Jun,sunny,61,10:52,AcnArbCasDec,1,Outside,AcnArb,1.8,3,5,3,0,10,8,21,No,0.542857143,0.127272727,0.542857143,Hetero.diff
10JG,28-Jun,sunny,61,10:52,AcnArbCasDec,1,Outside,AcnArb,1.8,5,3,5,0,14,8,27,No,0.585185185,0.138461538,0.585185185,Hetero.diff
10JG,28-Jun,sunny,61,10:52,AcnArbCasDec,1,Outside,AcnArb,1.8,5,3,3,0,7,6,18,No,0.455555556,0.109090909,0.455555556,Hetero.diff
10JG,28-Jun,sunny,61,10:52,AcnArbCasDec,2,Inside,AcnArb,1.3,4,1,4,0,16,5,25,No,0.692,0.144444444,0.692,Hetero.diff
10JG,28-Jun,sunny,61,10:52,AcnArbCasDec,2,Inside,AcnArb,1.3,5,0,2,0,4,2,11,No,0.418181818,0.085714286,0.418181818,Hetero.diff
10JG,28-Jun,sunny,61,10:52,AcnArbCasDec,2,Inside,AcnArb,1.3,0,4,0,0,5,4,9,No,0.6,0.1,0.6,Hetero.diff
