Site,Date,Weather,Temperature,Time,Treatment,Plant,Position,Plant_Species,Height_m,herb_leaves,total_leaves,Stress,Total_Herbivory,Herbivory not including 100%,Herbiv.AT,Plot_Classification
1JM1,27-May,sunny,70,10:23,CapBacTreMic,1,Outside,CapBac,0.5,10,10,No,1,0,0,Hetero.diff
1JM1,27-May,sunny,70,10:23,CapBacTreMic,1,Outside,CapBac,0.5,16,19,No,0.294736842,0.106666667,0.106666667,Hetero.diff
1JM1,27-May,sunny,70,10:23,CapBacTreMic,1,Outside,CapBac,0.5,19,21,No,0.733333333,0.066666667,0.066666667,Hetero.diff
1JM1,27-May,sunny,70,10:23,CapBacTreMic,3,Outside,CapBac,0.8,18,18,No,1,0,0,Hetero.diff
1JM1,27-May,sunny,70,10:23,CapBacTreMic,3,Outside,CapBac,0.8,8,16,No,0.5,0,0,Hetero.diff
1JM1,27-May,sunny,70,10:23,CapBacTreMic,3,Outside,CapBac,0.8,12,18,No,0.666666667,0,0,Hetero.diff
1JM1,27-May,sunny,80,13:23,CapBac,1,Outside,CapBac,0.8,22,41,No,0.26097561,0.053125,0.053125,Intra
1JM1,27-May,sunny,80,13:23,CapBac,1,Outside,CapBac,0.8,6,32,No,0.159375,0.003703704,0.003703704,Intra
1JM1,27-May,sunny,80,13:23,CapBac,1,Outside,CapBac,0.8,8,24,No,0.333333333,0,0,Intra
1JM1,27-May,sunny,80,13:23,CapBac,2,Inside,CapBac,0.7,15,15,No,1,0,0,Intra
1JM1,27-May,sunny,80,13:23,CapBac,2,Inside,CapBac,0.7,2,9,No,0.022222222,0.022222222,0.022222222,Intra
1JM1,27-May,sunny,80,13:23,CapBac,2,Inside,CapBac,0.7,15,36,No,0.241666667,0.025,0.025,Intra
1JM1,27-May,sunny,80,13:23,CapBac,3,Inside,CapBac,0.9,14,61,No,0.155737705,0.009615385,0.009615385,Intra
1JM1,27-May,sunny,80,13:23,CapBac,3,Inside,CapBac,0.9,6,49,No,0.067346939,0.006521739,0.006521739,Intra
1JM1,27-May,sunny,80,13:23,CapBac,3,Inside,CapBac,0.9,16,43,No,0.303488372,0.033870968,0.033870968,Intra
1JM1,27-May,sunny,80,13:23,CapBac,4,Inside,CapBac,0.8,8,51,No,0.156862745,0,0,Intra
1JM1,27-May,sunny,80,13:23,CapBac,4,Inside,CapBac,0.8,2,28,No,0.014285714,0.014285714,0.014285714,Intra
1JM1,27-May,sunny,80,13:23,CapBac,4,Inside,CapBac,0.8,10,49,No,0.042857143,0.022916667,0.022916667,Intra
1JM1,27-May,sunny,80,16:04,CapBacCelIgu,1,Outside,CapBac,1.2,12,18,No,0.666666667,0,0,Hetero.diff
1JM1,27-May,sunny,80,16:04,CapBacCelIgu,1,Outside,CapBac,1.2,11,15,No,0.626666667,0.066666667,0.066666667,Hetero.diff
1JM1,27-May,sunny,80,16:04,CapBacCelIgu,1,Outside,CapBac,1.2,12,12,No,1,0,0,Hetero.diff
1JM1,27-May,sunny,80,16:04,CapBacCelIgu,2,Inside,CapBac,0.9,13,16,No,0.8125,0,0,Hetero.diff
1JM1,27-May,sunny,80,16:04,CapBacCelIgu,2,Inside,CapBac,0.9,7,21,No,0.321428571,0.05,0.05,Hetero.diff
1JM1,27-May,sunny,80,16:04,CapBacCelIgu,2,Inside,CapBac,0.9,1,21,No,0.004761905,0.004761905,0.004761905,Hetero.diff
1JM1,31-May,partly cloudy,69,15:10,All,9,Inside,CapBac,0.7,15,15,Yes,1,0,0,Hetero.All
1JM1,31-May,partly cloudy,69,15:10,All,9,Inside,CapBac,0.7,16,29,Yes,0.229310345,0.106,0.106,Hetero.All
1JM1,31-May,partly cloudy,69,15:10,All,9,Inside,CapBac,0.7,0,0,Yes,0,0,0,Hetero.All
1JM1,2-Jun,sunny,78,15:10,AcnArbCapBac,3,Outside,CapBac,0.9,10,25,No,0.4,0,0,Hetero.same
1JM1,2-Jun,sunny,78,15:10,AcnArbCapBac,3,Outside,CapBac,0.9,14,20,No,0.7,0,0,Hetero.same
1JM1,2-Jun,sunny,78,15:10,AcnArbCapBac,3,Outside,CapBac,0.9,1,13,No,0.007692308,0.007692308,0.007692308,Hetero.same
1JM1,2-Jun,sunny,78,15:10,AcnArbCapBac,4,Inside,CapBac,1.1,1,18,No,0.016666667,0.016666667,0.016666667,Hetero.same
1JM1,2-Jun,sunny,78,15:10,AcnArbCapBac,4,Inside,CapBac,1.1,3,10,No,0.07,0.07,0.07,Hetero.same
1JM1,2-Jun,sunny,78,15:10,AcnArbCapBac,4,Inside,CapBac,1.1,3,21,No,0.033333333,0.033333333,0.033333333,Hetero.same
1JM1,2-Jun,sunny,78,16:00,CapBacCasDec,3,Outside,CapBac,0.6,0,9,No,0,0,0,Hetero.diff
1JM1,2-Jun,sunny,78,16:00,CapBacCasDec,3,Outside,CapBac,0.6,20,20,No,1,0,0,Hetero.diff
1JM1,2-Jun,sunny,78,16:00,CapBacCasDec,3,Outside,CapBac,0.6,16,23,No,0.626086957,0.044444444,0.044444444,Hetero.diff
1JM1,2-Jun,sunny,78,16:00,CapBacCasDec,4,Inside,CapBac,0.6,7,13,No,0.361538462,0.077777778,0.077777778,Hetero.diff
1JM1,2-Jun,sunny,78,16:00,CapBacCasDec,4,Inside,CapBac,0.7,6,26,No,0.061538462,0.061538462,0.061538462,Hetero.diff
1JM1,2-Jun,sunny,78,16:00,CapBacCasDec,4,Inside,CapBac,0.7,4,22,No,0.018181818,0.018181818,0.018181818,Hetero.diff
1JM1,2-Jun,sunny,78,16:13,CapBacCasSyl,1,Outside,CapBac,0.8,21,30,No,0.426666667,0.094736842,0.094736842,Hetero.diff
1JM1,2-Jun,sunny,78,16:13,CapBacCasSyl,1,Outside,CapBac,0.8,14,22,No,0.513636364,0.027272727,0.027272727,Hetero.diff
1JM1,2-Jun,sunny,78,16:13,CapBacCasSyl,1,Outside,CapBac,0.8,9,17,No,0.529411765,0,0,Hetero.diff
1JM1,2-Jun,sunny,78,16:13,CapBacCasSyl,2,Inside,CapBac,0.9,31,33,No,0.877272727,0.19,0.19,Hetero.diff
1JM1,2-Jun,sunny,78,16:13,CapBacCasSyl,2,Inside,CapBac,0.9,4,33,No,0.071212121,0.0421875,0.0421875,Hetero.diff
1JM1,2-Jun,sunny,78,16:13,CapBacCasSyl,2,Inside,CapBac,0.9,21,31,No,0.632258065,0.05,0.05,Hetero.diff
3SS,31-May,sunny,61,9:10,CapBacTreMic,1,Outside,CapBac,0.9,9,9,No,0.761111111,0.57,0.57,Hetero.diff
3SS,31-May,sunny,61,9:10,CapBacTreMic,1,Outside,CapBac,0.9,11,19,No,0.436842105,0.027272727,0.027272727,Hetero.diff
3SS,31-May,sunny,61,9:10,CapBacTreMic,1,Outside,CapBac,0.9,9,18,No,0.083333333,0.083333333,0.083333333,Hetero.diff
3SS,31-May,sunny,61,9:10,CapBacTreMic,2,Inside,CapBac,0.8,17,17,No,1,0,0,Hetero.diff
3SS,31-May,sunny,61,9:10,CapBacTreMic,2,Inside,CapBac,0.8,2,22,No,0.018181818,0.018181818,0.018181818,Hetero.diff
3SS,31-May,sunny,61,9:10,CapBacTreMic,2,Inside,CapBac,0.8,6,33,No,0.036363636,0.036363636,0.036363636,Hetero.diff
3SS,1-Jun,cloudy,61,9:44,CapBacCasDec,1,Outside,CapBac,1,5,19,No,0.168421053,0.0125,0.0125,Hetero.diff
3SS,1-Jun,cloudy,61,9:44,CapBacCasDec,1,Outside,CapBac,1,3,45,No,0.046666667,0.002325581,0.002325581,Hetero.diff
3SS,1-Jun,cloudy,61,9:44,CapBacCasDec,1,Outside,CapBac,1,4,109,No,0.009633028,0.009633028,0.009633028,Hetero.diff
3SS,1-Jun,cloudy,61,9:44,CapBacCasDec,2,Inside,CapBac,1.1,1,18,No,0.005555556,0.005555556,0.005555556,Hetero.diff
3SS,1-Jun,cloudy,61,9:44,CapBacCasDec,2,Inside,CapBac,1.1,2,23,No,0.056521739,0.013636364,0.013636364,Hetero.diff
3SS,1-Jun,cloudy,61,9:44,CapBacCasDec,2,Inside,CapBac,1.1,3,39,No,0.035897436,0.010526316,0.010526316,Hetero.diff
3SS,1-Jun,cloudy,61,10:36,CapBacCelIgu,1,Outside,CapBac,0.9,6,44,No,0.032954545,0.032954545,0.032954545,Hetero.diff
3SS,1-Jun,cloudy,61,10:36,CapBacCelIgu,1,Outside,CapBac,0.9,8,33,No,0.084848485,0.025806452,0.025806452,Hetero.diff
3SS,1-Jun,cloudy,61,10:36,CapBacCelIgu,1,Outside,CapBac,0.9,3,41,No,0.034146341,0.01,0.01,Hetero.diff
3SS,1-Jun,cloudy,61,10:36,CapBacCelIgu,2,Inside,CapBac,0.8,5,47,No,0.043617021,0.022826087,0.022826087,Hetero.diff
3SS,1-Jun,cloudy,61,10:36,CapBacCelIgu,2,Inside,CapBac,0.8,1,30,No,0.003333333,0.003333333,0.003333333,Hetero.diff
3SS,1-Jun,cloudy,61,10:36,CapBacCelIgu,2,Inside,CapBac,0.8,1,47,No,0.00212766,0.00212766,0.00212766,Hetero.diff
3SS,1-Jun,cloudy,61,10:57,CapBac,1,Outside,CapBac,0.8,11,50,No,0.202,0.0025,0.0025,Intra
3SS,1-Jun,cloudy,61,10:57,CapBac,1,Outside,CapBac,0.8,9,51,No,0.158823529,0.002325581,0.002325581,Intra
3SS,1-Jun,cloudy,61,10:57,CapBac,1,Outside,CapBac,0.8,3,23,No,0.013043478,0.013043478,0.013043478,Intra
3SS,1-Jun,cloudy,61,10:57,CapBac,2,Inside,CapBac,1,7,62,No,0.098387097,0.001785714,0.001785714,Intra
3SS,1-Jun,cloudy,61,10:57,CapBac,2,Inside,CapBac,1,17,35,No,0.465714286,0.015789474,0.015789474,Intra
3SS,1-Jun,cloudy,61,10:57,CapBac,2,Inside,CapBac,1,21,22,No,0.954545455,0,0,Intra
3SS,1-Jun,cloudy,61,10:57,CapBac,3,Inside,CapBac,0.9,0,48,No,0,0,0,Intra
3SS,1-Jun,cloudy,61,10:57,CapBac,3,Inside,CapBac,0.9,8,32,No,0.178125,0.025925926,0.025925926,Intra
3SS,1-Jun,cloudy,61,10:57,CapBac,3,Inside,CapBac,0.9,0,26,No,0,0,0,Intra
3SS,1-Jun,cloudy,61,10:57,CapBac,4,Inside,CapBac,1.1,14,57,No,0.177192982,0.022916667,0.022916667,Intra
3SS,1-Jun,cloudy,61,10:57,CapBac,4,Inside,CapBac,1.1,14,41,No,0.273170732,0.038709677,0.038709677,Intra
3SS,1-Jun,cloudy,61,10:57,CapBac,4,Inside,CapBac,1.1,24,38,No,0.489473684,0.156521739,0.156521739,Intra
3SS,1-Jun,cloudy,61,11:35,CapBacCasSyl,3,Outside,CapBac,0.4,9,9,No,1,0,0,Hetero.diff
3SS,1-Jun,cloudy,61,11:35,CapBacCasSyl,3,Outside,CapBac,0.4,4,8,No,0.5,0,0,Hetero.diff
3SS,1-Jun,cloudy,61,11:35,CapBacCasSyl,3,Outside,CapBac,0.4,8,17,No,0.429411765,0.03,0.03,Hetero.diff
3SS,1-Jun,cloudy,61,11:35,CapBacCasSyl,4,Inside,CapBac,0.8,4,32,No,0.053125,0.053125,0.053125,Hetero.diff
3SS,1-Jun,cloudy,61,11:35,CapBacCasSyl,4,Inside,CapBac,0.8,9,65,No,0.096923077,0.005084746,0.005084746,Hetero.diff
3SS,1-Jun,cloudy,61,11:35,CapBacCasSyl,4,Inside,CapBac,0.8,3,11,No,0.127272727,0.04,0.04,Hetero.diff
3SS,5-Jun,sunny,66,9:45,AcnArbCapBac,3,Outside,CapBac,0.7,12,14,Yes,0.460714286,0.245,0.245,Hetero.same
3SS,5-Jun,sunny,66,9:45,AcnArbCapBac,3,Outside,CapBac,0.7,13,18,Yes,0.530555556,0.155,0.155,Hetero.same
3SS,5-Jun,sunny,66,9:45,AcnArbCapBac,3,Outside,CapBac,0.7,8,13,Yes,0.230769231,0.090909091,0.090909091,Hetero.same
3SS,5-Jun,sunny,66,9:45,AcnArbCapBac,4,Inside,CapBac,0.7,13,20,No,0.4575,0.095833333,0.095833333,Hetero.same
3SS,5-Jun,sunny,66,9:45,AcnArbCapBac,4,Inside,CapBac,0.7,12,12,No,1,0,0,Hetero.same
3SS,5-Jun,sunny,66,9:45,AcnArbCapBac,4,Inside,CapBac,0.7,5,13,No,0.261538462,0.04,0.04,Hetero.same
3SS,5-Jun,sunny,66,10:16,All,2,Outside,CapBac,1.1,3,25,No,0.028,0.028,0.028,Hetero.All
3SS,5-Jun,sunny,66,10:16,All,2,Outside,CapBac,1.1,15,24,No,0.225,0.114285714,0.114285714,Hetero.All
3SS,5-Jun,sunny,66,10:16,All,2,Outside,CapBac,1.1,11,28,No,0.360714286,0.005555556,0.005555556,Hetero.All
3SS,5-Jun,sunny,66,10:16,All,9,Inside,CapBac,1.2,0,20,No,0,0,0,Hetero.All
3SS,5-Jun,sunny,66,10:16,All,9,Inside,CapBac,1.2,7,28,No,0.069642857,0.069642857,0.069642857,Hetero.All
3SS,5-Jun,sunny,66,10:16,All,9,Inside,CapBac,1.2,4,13,No,0.046153846,0.046153846,0.046153846,Hetero.All
6PF2,2-Jun,cloudy,58,9:10,CapBacCasSyl,3,Outside,CapBac,0.6,9,19,No,0.4,0.05,0.05,Hetero.diff
6PF2,2-Jun,cloudy,58,9:10,CapBacCasSyl,3,Outside,CapBac,0.6,18,18,No,1,0,0,Hetero.diff
6PF2,2-Jun,cloudy,58,9:10,CapBacCasSyl,3,Outside,CapBac,0.6,6,17,No,0.123529412,0.06875,0.06875,Hetero.diff
6PF2,2-Jun,cloudy,58,9:10,CapBacCasSyl,4,Inside,CapBac,0.9,11,17,No,0.458823529,0.163636364,0.163636364,Hetero.diff
6PF2,2-Jun,cloudy,58,9:10,CapBacCasSyl,4,Inside,CapBac,0.9,8,14,No,0.175,0.175,0.175,Hetero.diff
6PF2,2-Jun,cloudy,58,9:10,CapBacCasSyl,4,Inside,CapBac,0.9,8,25,No,0.176,0.019047619,0.019047619,Hetero.diff
6PF2,2-Jun,cloudy,58,10:05,All,7,Inside,CapBac,0.7,10,13,No,0.234615385,0.234615385,0.234615385,Hetero.All
6PF2,2-Jun,cloudy,58,10:05,All,7,Inside,CapBac,0.7,18,25,No,0.432,0.252631579,0.252631579,Hetero.All
6PF2,2-Jun,cloudy,58,10:05,All,7,Inside,CapBac,0.7,12,15,No,0.623333333,0.435,0.435,Hetero.All
6PF2,2-Jun,cloudy,58,10:05,All,12,Outside,CapBac,1,15,18,No,0.513888889,0.270833333,0.270833333,Hetero.All
6PF2,2-Jun,cloudy,58,10:05,All,12,Outside,CapBac,1,15,19,No,0.594736842,0.23,0.23,Hetero.All
6PF2,2-Jun,cloudy,58,10:05,All,12,Outside,CapBac,1,9,17,No,0.317647059,0.317647059,0.317647059,Hetero.All
6PF2,2-Jun,partly cloudy,67,11:15,CapBacCelIgu,1,Outside,CapBac,0.8,5,24,No,0.170833333,0.005,0.005,Hetero.diff
6PF2,2-Jun,cloudy,67,11:15,CapBacCelIgu,1,Outside,CapBac,0.8,9,16,No,0.2,0.2,0.2,Hetero.diff
6PF2,2-Jun,cloudy,67,11:15,CapBacCelIgu,1,Outside,CapBac,0.8,5,16,No,0.25625,0.008333333,0.008333333,Hetero.diff
6PF2,2-Jun,cloudy,67,11:15,CapBacCelIgu,2,Inside,CapBac,1.1,13,17,No,0.711764706,0.02,0.02,Hetero.diff
6PF2,2-Jun,cloudy,67,11:15,CapBacCelIgu,2,Inside,CapBac,1.1,9,25,No,0.35,0.044117647,0.044117647,Hetero.diff
6PF2,2-Jun,cloudy,67,11:15,CapBacCelIgu,2,Inside,CapBac,1.1,17,34,No,0.420588235,0.015,0.015,Hetero.diff
6PF2,2-Jun,cloudy,67,11:57,CapBacTreMic,3,Outside,CapBac,0.6,3,11,No,0.045454545,0.045454545,0.045454545,Hetero.diff
6PF2,2-Jun,cloudy,67,11:57,CapBacTreMic,3,Outside,CapBac,0.6,5,16,No,0.25625,0.008333333,0.008333333,Hetero.diff
6PF2,2-Jun,cloudy,67,11:57,CapBacTreMic,3,Outside,CapBac,0.6,1,8,No,0.0375,0.0375,0.0375,Hetero.diff
6PF2,2-Jun,cloudy,67,11:57,CapBacTreMic,4,Inside,CapBac,0.5,31,44,No,0.688636364,0.021428571,0.021428571,Hetero.diff
6PF2,2-Jun,cloudy,67,11:57,CapBacTreMic,4,Inside,CapBac,0.5,0,12,No,0,0,0,Hetero.diff
6PF2,2-Jun,cloudy,67,11:57,CapBacTreMic,4,Inside,CapBac,0.5,14,26,No,0.334615385,0.089473684,0.089473684,Hetero.diff
6PF2,3-Jun,sunny,61,10:06,CapBac,1,Outside,CapBac,0.5,14,14,No,1,0,0,Intra
6PF2,3-Jun,sunny,61,10:06,CapBac,1,Outside,CapBac,0.5,6,21,No,0.085714286,0.085714286,0.085714286,Intra
6PF2,3-Jun,sunny,61,10:06,CapBac,1,Outside,CapBac,0.5,6,22,No,0.190909091,0.011111111,0.011111111,Intra
6PF2,3-Jun,sunny,61,10:06,CapBac,2,Inside,CapBac,0.6,3,21,No,0.042857143,0.042857143,0.042857143,Intra
6PF2,3-Jun,sunny,61,10:06,CapBac,2,Inside,CapBac,0.6,1,12,No,0.025,0.025,0.025,Intra
6PF2,3-Jun,sunny,61,10:06,CapBac,2,Inside,CapBac,0.6,0,12,No,0,0,0,Intra
6PF2,3-Jun,sunny,61,10:06,CapBac,3,Inside,CapBac,0.6,0,12,No,0,0,0,Intra
6PF2,3-Jun,sunny,61,10:06,CapBac,3,Inside,CapBac,0.6,1,12,No,0.083333333,0,0,Intra
6PF2,3-Jun,sunny,61,10:06,CapBac,3,Inside,CapBac,0.6,1,13,No,0.007692308,0.007692308,0.007692308,Intra
6PF2,3-Jun,sunny,61,10:06,CapBac,4,Inside,CapBac,0.6,0,14,No,0,0,0,Intra
6PF2,3-Jun,sunny,61,10:06,CapBac,4,Inside,CapBac,0.6,4,18,No,0.044444444,0.044444444,0.044444444,Intra
6PF2,3-Jun,sunny,61,10:06,CapBac,4,Inside,CapBac,0.6,5,17,No,0.064705882,0.064705882,0.064705882,Intra
6PF2,3-Jun,sunny,61,10:22,AcnArbCapBac,3,Outside,CapBac,0.7,8,19,No,0.310526316,0.064285714,0.064285714,Hetero.same
6PF2,3-Jun,sunny,61,10:22,AcnArbCapBac,3,Outside,CapBac,0.7,5,14,No,0.189285714,0.126923077,0.126923077,Hetero.same
6PF2,3-Jun,sunny,61,10:22,AcnArbCapBac,3,Outside,CapBac,0.7,3,13,No,0.073076923,0.073076923,0.073076923,Hetero.same
6PF2,3-Jun,sunny,61,10:22,AcnArbCapBac,4,Inside,CapBac,0.9,5,19,No,0.026315789,0.026315789,0.026315789,Hetero.same
6PF2,3-Jun,sunny,61,10:22,AcnArbCapBac,4,Inside,CapBac,0.9,15,16,No,0.275,0.275,0.275,Hetero.same
6PF2,3-Jun,sunny,61,10:22,AcnArbCapBac,4,Inside,CapBac,0.9,4,12,No,0.066666667,0.066666667,0.066666667,Hetero.same
6PF2,3-Jun,sunny,67,11:05,CapBacCasDec,3,Outside,CapBac,0.9,5,15,No,0.033333333,0.033333333,0.033333333,Hetero.diff
6PF2,3-Jun,sunny,67,11:05,CapBacCasDec,3,Outside,CapBac,0.9,0,15,No,0,0,0,Hetero.diff
6PF2,3-Jun,sunny,67,11:05,CapBacCasDec,3,Outside,CapBac,0.9,2,19,No,0.021052632,0.021052632,0.021052632,Hetero.diff
6PF2,3-Jun,sunny,67,11:05,CapBacCasDec,4,Inside,CapBac,0.6,5,17,No,0.076470588,0.076470588,0.076470588,Hetero.diff
6PF2,3-Jun,sunny,67,11:05,CapBacCasDec,4,Inside,CapBac,0.6,10,29,No,0.186206897,0.056,0.056,Hetero.diff
6PF2,3-Jun,sunny,67,11:05,CapBacCasDec,4,Inside,CapBac,0.6,0,14,No,0,0,0,Hetero.diff
2JM2,4-Jun,sunny,55,8:41,CapBacCasSyl,3,Outside,CapBac,0.8,3,13,No,0.053846154,0.053846154,0.053846154,Hetero.diff
2JM2,4-Jun,sunny,55,8:41,CapBacCasSyl,3,Outside,CapBac,0.8,3,11,No,0.063636364,0.063636364,0.063636364,Hetero.diff
2JM2,4-Jun,sunny,55,8:41,CapBacCasSyl,3,Outside,CapBac,0.8,13,31,No,0.280645161,0.030434783,0.030434783,Hetero.diff
2JM2,4-Jun,sunny,55,8:41,CapBacCasSyl,4,Inside,CapBac,0.8,9,12,No,0.441666667,0.1625,0.1625,Hetero.diff
2JM2,4-Jun,sunny,55,8:41,CapBacCasSyl,4,Inside,CapBac,0.8,9,13,No,0.338461538,0.218181818,0.218181818,Hetero.diff
2JM2,4-Jun,sunny,55,8:41,CapBacCasSyl,4,Inside,CapBac,0.8,0,7,No,0,0,0,Hetero.diff
2JM2,4-Jun,sunny,60,9:56,AcnArbCapBac,3,Outside,CapBac,1,14,14,No,0.964285714,0.75,0.75,Hetero.same
2JM2,4-Jun,sunny,60,9:56,AcnArbCapBac,3,Outside,CapBac,1,11,15,No,0.553333333,0.042857143,0.042857143,Hetero.same
2JM2,4-Jun,sunny,60,9:56,AcnArbCapBac,3,Outside,CapBac,1,10,13,No,0.646153846,0.08,0.08,Hetero.same
2JM2,4-Jun,sunny,60,9:56,AcnArbCapBac,4,Inside,CapBac,1,7,26,No,0.034615385,0.034615385,0.034615385,Hetero.same
2JM2,4-Jun,sunny,60,9:56,AcnArbCapBac,4,Inside,CapBac,1,8,16,No,0.115625,0.115625,0.115625,Hetero.same
2JM2,4-Jun,sunny,60,9:56,AcnArbCapBac,4,Inside,CapBac,1,6,9,No,0.266666667,0.057142857,0.057142857,Hetero.same
3SS,5-Jun,sunny,60,9:45,AcnArbCapBac,3,Outside,CapBac,0.7,20,20,Yes,1,0,0,Hetero.same
3SS,5-Jun,sunny,60,9:45,AcnArbCapBac,3,Outside,CapBac,0.7,8,11,Yes,0.268181818,0.195,0.195,Hetero.same
3SS,5-Jun,sunny,60,9:45,AcnArbCapBac,3,Outside,CapBac,0.7,8,8,Yes,1,0,0,Hetero.same
3SS,5-Jun,sunny,60,9:45,AcnArbCapBac,4,Inside,CapBac,0.7,13,20,Yes,0.4575,0.095833333,0.095833333,Hetero.same
3SS,5-Jun,sunny,60,9:45,AcnArbCapBac,4,Inside,CapBac,0.7,12,12,Yes,1,0,0,Hetero.same
3SS,5-Jun,sunny,60,9:45,AcnArbCapBac,4,Inside,CapBac,0.7,5,13,Yes,0.261538462,0.04,0.04,Hetero.same
3SS,5-Jun,sunny,60,10:16,All,2,Outside,CapBac,1.1,3,25,No,0.028,0.028,0.028,Hetero.All
3SS,5-Jun,sunny,60,10:16,All,2,Outside,CapBac,1.1,15,24,No,0.225,0.114285714,0.114285714,Hetero.All
3SS,5-Jun,sunny,60,10:16,All,2,Outside,CapBac,1.1,11,28,No,0.360714286,0.005555556,0.005555556,Hetero.All
3SS,5-Jun,sunny,60,10:16,All,9,Inside,CapBac,1.2,0,20,No,0,0,0,Hetero.All
3SS,5-Jun,sunny,60,10:16,All,9,Inside,CapBac,1.2,7,28,No,0.069642857,0.069642857,0.069642857,Hetero.All
3SS,5-Jun,sunny,60,10:16,All,9,Inside,CapBac,1.2,4,13,No,0.046153846,0.046153846,0.046153846,Hetero.All
2JM2,6-Jun,cloudy,57,8:32,CapBacCasDec,3,Outside,CapBac,0.7,13,25,No,0.382,0.091176471,0.091176471,Hetero.diff
2JM2,6-Jun,cloudy,57,8:32,CapBacCasDec,3,Outside,CapBac,0.7,1,24,No,0.0125,0.0125,0.0125,Hetero.diff
2JM2,6-Jun,cloudy,57,8:32,CapBacCasDec,3,Outside,CapBac,0.7,2,18,No,0.011111111,0.011111111,0.011111111,Hetero.diff
2JM2,6-Jun,cloudy,57,8:32,CapBacCasDec,4,Inside,CapBac,0.8,8,19,No,0.373684211,0.008333333,0.008333333,Hetero.diff
2JM2,6-Jun,cloudy,57,8:32,CapBacCasDec,4,Inside,CapBac,0.8,0,13,No,0,0,0,Hetero.diff
2JM2,6-Jun,cloudy,57,8:32,CapBacCasDec,4,Inside,CapBac,0.8,6,20,No,0.22,0.025,0.025,Hetero.diff
2JM2,6-Jun,cloudy,57,9:11,CapBac,1,Outside,CapBac,0.6,2,11,No,0.118181818,0.03,0.03,Intra
2JM2,6-Jun,cloudy,57,9:11,CapBac,1,Outside,CapBac,0.6,10,22,No,0.154545455,0.07,0.07,Intra
2JM2,6-Jun,cloudy,57,9:11,CapBac,1,Outside,CapBac,0.6,2,13,No,0.015384615,0.015384615,0.015384615,Intra
2JM2,6-Jun,cloudy,57,9:11,CapBac,2,Inside,CapBac,0.9,11,11,No,1,0,0,Intra
2JM2,6-Jun,cloudy,57,9:11,CapBac,2,Inside,CapBac,0.9,7,17,No,0.158823529,0.046666667,0.046666667,Intra
2JM2,6-Jun,cloudy,57,9:11,CapBac,2,Inside,CapBac,0.9,6,20,No,0.21,0.0125,0.0125,Intra
2JM2,6-Jun,cloudy,57,9:11,CapBac,3,Inside,CapBac,0.9,8,16,Yes,0.18125,0.18125,0.18125,Intra
2JM2,6-Jun,cloudy,57,9:11,CapBac,3,Inside,CapBac,0.9,5,11,Yes,0.327272727,0.075,0.075,Intra
2JM2,6-Jun,cloudy,57,9:11,CapBac,3,Inside,CapBac,0.9,12,12,Yes,1,0,0,Intra
2JM2,6-Jun,cloudy,57,9:11,CapBac,4,Inside,CapBac,0.5,8,8,No,0.775,0.1,0.1,Intra
2JM2,6-Jun,cloudy,57,9:11,CapBac,4,Inside,CapBac,0.5,10,10,No,0.66,0.15,0.15,Intra
2JM2,6-Jun,cloudy,57,9:11,CapBac,4,Inside,CapBac,0.5,14,17,No,0.717647059,0.04,0.04,Intra
2JM2,6-Jun,cloudy,57,9:45,CapBacCelIgu,3,Outside,CapBac,1,8,17,No,0.25,0.15,0.15,Hetero.diff
2JM2,6-Jun,cloudy,57,9:45,CapBacCelIgu,3,Outside,CapBac,1,4,11,No,0.136363636,0.05,0.05,Hetero.diff
2JM2,6-Jun,cloudy,57,9:45,CapBacCelIgu,3,Outside,CapBac,1,3,15,No,0.033333333,0.033333333,0.033333333,Hetero.diff
2JM2,6-Jun,cloudy,57,9:45,CapBacCelIgu,4,Inside,CapBac,1.1,6,18,No,0.233333333,0.014285714,0.014285714,Hetero.diff
2JM2,6-Jun,cloudy,57,9:45,CapBacCelIgu,4,Inside,CapBac,1.1,7,14,No,0.45,0.0375,0.0375,Hetero.diff
2JM2,6-Jun,cloudy,57,9:45,CapBacCelIgu,4,Inside,CapBac,1.1,0,6,No,0,0,0,Hetero.diff
2JM2,6-Jun,cloudy,57,10:11,CapBacTreMic,1,Outside,CapBac,0.9,2,13,No,0.015384615,0.015384615,0.015384615,Hetero.diff
2JM2,6-Jun,cloudy,57,10:11,CapBacTreMic,1,Outside,CapBac,0.9,3,13,No,0.173076923,0.173076923,0.173076923,Hetero.diff
2JM2,6-Jun,cloudy,57,10:11,CapBacTreMic,1,Outside,CapBac,0.9,18,18,No,1,0,0,Hetero.diff
2JM2,6-Jun,cloudy,57,10:11,CapBacTreMic,2,Inside,CapBac,0.7,1,13,No,0.007692308,0.007692308,0.007692308,Hetero.diff
2JM2,6-Jun,cloudy,57,10:11,CapBacTreMic,2,Inside,CapBac,0.7,0,12,No,0,0,0,Hetero.diff
2JM2,6-Jun,cloudy,57,10:11,CapBacTreMic,2,Inside,CapBac,0.7,20,31,No,0.637096774,0.0625,0.0625,Hetero.diff
2JM2,6-Jun,cloudy,63,10:26,All,4,Outside,CapBac,0.6,2,12,No,0.033333333,0.033333333,0.033333333,Hetero.All
2JM2,6-Jun,cloudy,63,10:26,All,4,Outside,CapBac,0.6,16,16,No,1,0,0,Hetero.All
2JM2,6-Jun,cloudy,63,10:26,All,4,Outside,CapBac,0.6,9,23,No,0.230434783,0.068421053,0.068421053,Hetero.All
2JM2,6-Jun,cloudy,63,10:26,All,7,Inside,CapBac,0.8,0,12,No,0,0,0,Hetero.All
2JM2,6-Jun,cloudy,63,10:26,All,7,Inside,CapBac,0.8,1,14,No,0.007142857,0.007142857,0.007142857,Hetero.All
2JM2,6-Jun,cloudy,63,10:26,All,7,Inside,CapBac,0.8,15,31,No,0.432258065,0.022222222,0.022222222,Hetero.All
9DITO,7-Jun,cloudy,60,9:38,CapBacCelIgu,1,Outside,CapBac,0.9,0,24,No,0,0,0,Hetero.diff
9DITO,7-Jun,cloudy,60,9:38,CapBacCelIgu,1,Outside,CapBac,0.9,13,30,No,0.433333333,0,0,Hetero.diff
9DITO,7-Jun,cloudy,60,9:38,CapBacCelIgu,1,Outside,CapBac,0.9,1,28,No,0.010714286,0.010714286,0.010714286,Hetero.diff
9DITO,7-Jun,cloudy,60,9:38,CapBacCelIgu,2,Inside,CapBac,0.7,8,18,No,0.266666667,0.057142857,0.057142857,Hetero.diff
9DITO,7-Jun,cloudy,60,9:38,CapBacCelIgu,2,Inside,CapBac,0.7,0,16,No,0,0,0,Hetero.diff
9DITO,7-Jun,cloudy,60,9:38,CapBacCelIgu,2,Inside,CapBac,0.7,3,9,No,0.077777778,0.077777778,0.077777778,Hetero.diff
9DITO,7-Jun,cloudy,60,9:52,CapBacCasDec,3,Outside,CapBac,0.8,15,21,No,0.385714286,0.14,0.14,Hetero.diff
9DITO,7-Jun,cloudy,60,9:52,CapBacCasDec,3,Outside,CapBac,0.8,9,22,No,0.272727273,0.058823529,0.058823529,Hetero.diff
9DITO,7-Jun,cloudy,60,9:52,CapBacCasDec,3,Outside,CapBac,0.8,3,13,No,0.053846154,0.053846154,0.053846154,Hetero.diff
9DITO,7-Jun,cloudy,60,9:52,CapBacCasDec,4,Inside,CapBac,0.6,1,12,No,0.025,0.025,0.025,Hetero.diff
9DITO,7-Jun,cloudy,60,9:52,CapBacCasDec,4,Inside,CapBac,0.6,7,29,No,0.082758621,0.05,0.05,Hetero.diff
9DITO,7-Jun,cloudy,60,9:52,CapBacCasDec,4,Inside,CapBac,0.6,3,12,No,0.025,0.025,0.025,Hetero.diff
9DITO,7-Jun,sunny,61,10:04,AcnArbCapBac,3,Outside,CapBac,0.8,7,31,No,0.048387097,0.048387097,0.048387097,Hetero.same
9DITO,7-Jun,sunny,61,10:04,AcnArbCapBac,3,Outside,CapBac,0.8,6,20,No,0.05,0.05,0.05,Hetero.same
9DITO,7-Jun,sunny,61,10:04,AcnArbCapBac,3,Outside,CapBac,0.8,14,14,No,1,0,0,Hetero.same
9DITO,7-Jun,sunny,61,10:04,AcnArbCapBac,4,Inside,CapBac,0.7,11,34,No,0.302941176,0.0125,0.0125,Hetero.same
9DITO,7-Jun,sunny,61,10:04,AcnArbCapBac,4,Inside,CapBac,0.7,1,9,No,0.011111111,0.011111111,0.011111111,Hetero.same
9DITO,7-Jun,sunny,61,10:04,AcnArbCapBac,4,Inside,CapBac,0.7,4,29,No,0.137931034,0,0,Hetero.same
9DITO,7-Jun,sunny,61,10:21,CapBacTreMic,3,Outside,CapBac,1,9,9,Yes,0.922222222,0.3,0.3,Hetero.diff
9DITO,7-Jun,sunny,61,10:21,CapBacTreMic,3,Outside,CapBac,1,6,17,Yes,0.247058824,0.015384615,0.015384615,Hetero.diff
9DITO,7-Jun,sunny,61,10:21,CapBacTreMic,3,Outside,CapBac,1,8,19,Yes,0.326315789,0.015384615,0.015384615,Hetero.diff
9DITO,7-Jun,sunny,61,10:21,CapBacTreMic,4,Inside,CapBac,0.7,10,17,Yes,0.276470588,0.121428571,0.121428571,Hetero.diff
9DITO,7-Jun,sunny,61,10:21,CapBacTreMic,4,Inside,CapBac,0.7,23,38,Yes,0.506578947,0.147727273,0.147727273,Hetero.diff
9DITO,7-Jun,sunny,61,10:21,CapBacTreMic,4,Inside,CapBac,0.7,8,19,Yes,0.263157895,0.066666667,0.066666667,Hetero.diff
9DITO,7-Jun,sunny,66,10:45,CapBacCasSyl,3,Outside,CapBac,0.8,6,27,Yes,0.222222222,0,0,Hetero.diff
9DITO,7-Jun,sunny,66,10:45,CapBacCasSyl,3,Outside,CapBac,0.8,0,14,Yes,0,0,0,Hetero.diff
9DITO,7-Jun,sunny,66,10:45,CapBacCasSyl,3,Outside,CapBac,0.8,7,21,Yes,0.147619048,0.057894737,0.057894737,Hetero.diff
9DITO,7-Jun,sunny,66,10:45,CapBacCasSyl,4,Inside,CapBac,1,3,17,Yes,0.161764706,0.05,0.05,Hetero.diff
9DITO,7-Jun,sunny,66,10:45,CapBacCasSyl,4,Inside,CapBac,1,12,12,Yes,1,0,0,Hetero.diff
9DITO,7-Jun,sunny,66,10:45,CapBacCasSyl,4,Inside,CapBac,1,2,7,Yes,0.285714286,0,0,Hetero.diff
8NEI,8-Jun,cloudy,62,8:43,CapBacCelIgu,3,Outside,CapBac,0.5,6,19,No,0.157894737,0.058823529,0.058823529,Hetero.diff
8NEI,8-Jun,cloudy,62,8:43,CapBacCelIgu,3,Outside,CapBac,0.5,9,12,No,0.308333333,0.17,0.17,Hetero.diff
8NEI,8-Jun,cloudy,62,8:43,CapBacCelIgu,3,Outside,CapBac,0.5,5,8,No,0.425,0.08,0.08,Hetero.diff
8NEI,8-Jun,cloudy,62,8:43,CapBacCelIgu,4,Inside,CapBac,0.7,9,11,No,0.590909091,0.1,0.1,Hetero.diff
8NEI,8-Jun,cloudy,62,8:43,CapBacCelIgu,4,Inside,CapBac,0.7,13,14,No,0.460714286,0.460714286,0.460714286,Hetero.diff
8NEI,8-Jun,cloudy,62,8:43,CapBacCelIgu,4,Inside,CapBac,0.7,6,13,No,0.226923077,0.1625,0.1625,Hetero.diff
8NEI,8-Jun,cloudy,62,9:41,CapBacCasSyl,3,Outside,CapBac,0.8,6,19,No,0.265789474,0.07,0.07,Hetero.diff
8NEI,8-Jun,cloudy,62,9:41,CapBacCasSyl,3,Outside,CapBac,0.8,10,21,No,0.376190476,0.064285714,0.064285714,Hetero.diff
8NEI,8-Jun,cloudy,62,9:41,CapBacCasSyl,3,Outside,CapBac,0.8,8,23,No,0.347826087,0,0,Hetero.diff
8NEI,8-Jun,cloudy,62,9:41,CapBacCasSyl,4,Inside,CapBac,0.8,3,15,No,0.046666667,0.046666667,0.046666667,Hetero.diff
8NEI,8-Jun,cloudy,62,9:41,CapBacCasSyl,4,Inside,CapBac,0.8,6,21,No,0.145238095,0.055263158,0.055263158,Hetero.diff
8NEI,8-Jun,cloudy,62,9:41,CapBacCasSyl,4,Inside,CapBac,0.8,3,13,No,0.142307692,0.070833333,0.070833333,Hetero.diff
8NEI,8-Jun,cloudy,62,9:55,CapBacTreMic,3,Outside,CapBac,0.6,15,26,Yes,0.35,0.061111111,0.061111111,Hetero.diff
8NEI,8-Jun,cloudy,62,9:55,CapBacTreMic,3,Outside,CapBac,0.6,21,21,Yes,1,0,0,Hetero.diff
8NEI,8-Jun,cloudy,62,9:55,CapBacTreMic,3,Outside,CapBac,0.6,7,9,Yes,0.65,0.2125,0.2125,Hetero.diff
8NEI,8-Jun,cloudy,62,9:55,CapBacTreMic,4,Inside,CapBac,0.7,8,29,No,0.034482759,0.034482759,0.034482759,Hetero.diff
8NEI,8-Jun,cloudy,62,9:55,CapBacTreMic,4,Inside,CapBac,0.7,2,17,No,0.023529412,0.023529412,0.023529412,Hetero.diff
8NEI,8-Jun,cloudy,62,9:55,CapBacTreMic,4,Inside,CapBac,0.7,4,15,No,0.203333333,0.080769231,0.080769231,Hetero.diff
7ZM,9-Jun,sunny,64,9:10,All,2,Outside,CapBac,0.7,22,22,No,0.893181818,0.4125,0.4125,Hetero.All
7ZM,9-Jun,sunny,64,9:10,All,2,Outside,CapBac,0.7,20,20,No,1,0,0,Hetero.All
7ZM,9-Jun,sunny,64,9:10,All,2,Outside,CapBac,0.7,14,17,No,0.717647059,0.04,0.04,Hetero.All
7ZM,9-Jun,sunny,64,9:10,All,9,Inside,CapBac,0.9,8,9,No,0.527777778,0.392857143,0.392857143,Hetero.All
7ZM,9-Jun,sunny,64,9:10,All,9,Inside,CapBac,0.9,8,14,No,0.339285714,0.159090909,0.159090909,Hetero.All
7ZM,9-Jun,sunny,64,9:10,All,9,Inside,CapBac,0.9,10,13,No,0.607692308,0.15,0.15,Hetero.All
7ZM,9-Jun,sunny,69,10:05,CapBacCelIgu,1,Outside,CapBac,0.7,12,12,Yes,1,0,0,Hetero.diff
7ZM,9-Jun,sunny,69,10:05,CapBacCelIgu,1,Outside,CapBac,0.7,8,18,Yes,0.444444444,0,0,Hetero.diff
7ZM,9-Jun,sunny,69,10:05,CapBacCelIgu,1,Outside,CapBac,0.7,14,30,Yes,0.413333333,0.022222222,0.022222222,Hetero.diff
7ZM,9-Jun,sunny,69,10:05,CapBacCelIgu,2,Inside,CapBac,0.8,4,11,No,0.054545455,0.054545455,0.054545455,Hetero.diff
7ZM,9-Jun,sunny,69,10:05,CapBacCelIgu,2,Inside,CapBac,0.8,12,13,No,0.411538462,0.235,0.235,Hetero.diff
7ZM,9-Jun,sunny,69,10:05,CapBacCelIgu,2,Inside,CapBac,0.8,6,12,No,0.383333333,0.177777778,0.177777778,Hetero.diff
7ZM,9-Jun,sunny,69,10:43,CapBacTreMic,1,Outside,CapBac,0.6,10,10,Yes,0.905,0.525,0.525,Hetero.diff
7ZM,9-Jun,sunny,69,10:43,CapBacTreMic,1,Outside,CapBac,0.6,14,21,Yes,0.623809524,0.0125,0.0125,Hetero.diff
7ZM,9-Jun,sunny,69,10:43,CapBacTreMic,1,Outside,CapBac,0.6,6,11,Yes,0.545454545,0,0,Hetero.diff
7ZM,9-Jun,sunny,69,10:43,CapBacTreMic,2,Inside,CapBac,1.1,2,13,No,0.030769231,0.030769231,0.030769231,Hetero.diff
7ZM,9-Jun,sunny,69,10:43,CapBacTreMic,2,Inside,CapBac,1.1,3,18,No,0.038888889,0.038888889,0.038888889,Hetero.diff
7ZM,9-Jun,sunny,69,10:43,CapBacTreMic,2,Inside,CapBac,1.1,1,18,No,0.041666667,0.041666667,0.041666667,Hetero.diff
7ZM,9-Jun,sunny,73,11:10,CapBacCasSyl,3,Outside,CapBac,0.6,3,24,Yes,0.0875,0.004545455,0.004545455,Hetero.diff
7ZM,9-Jun,sunny,73,11:10,CapBacCasSyl,3,Outside,CapBac,0.6,14,23,Yes,0.506521739,0.126923077,0.126923077,Hetero.diff
7ZM,9-Jun,sunny,73,11:10,CapBacCasSyl,3,Outside,CapBac,0.6,9,9,Yes,1,0,0,Hetero.diff
7ZM,9-Jun,sunny,73,11:10,CapBacCasSyl,4,Inside,CapBac,0.9,5,13,No,0.1,0.1,0.1,Hetero.diff
7ZM,9-Jun,sunny,73,11:10,CapBacCasSyl,4,Inside,CapBac,0.9,6,18,No,0.180555556,0.078125,0.078125,Hetero.diff
7ZM,9-Jun,sunny,73,11:10,CapBacCasSyl,4,Inside,CapBac,0.9,15,21,No,0.635714286,0.15,0.15,Hetero.diff
7ZM,9-Jun,sunny,73,11:21,CapBacCasDec,1,Outside,CapBac,0.9,1,10,No,0.075,0.075,0.075,Hetero.diff
7ZM,9-Jun,sunny,73,11:21,CapBacCasDec,1,Outside,CapBac,0.9,2,20,No,0.02,0.02,0.02,Hetero.diff
7ZM,9-Jun,sunny,73,11:21,CapBacCasDec,1,Outside,CapBac,0.9,4,7,No,0.142857143,0.142857143,0.142857143,Hetero.diff
7ZM,9-Jun,sunny,73,11:21,CapBacCasDec,2,Inside,CapBac,1,5,20,No,0.045,0.045,0.045,Hetero.diff
7ZM,9-Jun,sunny,73,11:21,CapBacCasDec,2,Inside,CapBac,1,1,27,No,0.003703704,0.003703704,0.003703704,Hetero.diff
7ZM,9-Jun,sunny,73,11:21,CapBacCasDec,2,Inside,CapBac,1,5,21,No,0.061904762,0.061904762,0.061904762,Hetero.diff
7ZM,9-Jun,sunny,73,11:44,AcnArbCapBac,1,Outside,CapBac,0.7,10,10,Yes,1,0,0,Hetero.same
7ZM,9-Jun,sunny,73,11:44,AcnArbCapBac,1,Outside,CapBac,0.7,13,13,Yes,0.946153846,0.3,0.3,Hetero.same
7ZM,9-Jun,sunny,73,11:44,AcnArbCapBac,1,Outside,CapBac,0.7,18,18,Yes,1,0,0,Hetero.same
7ZM,9-Jun,sunny,73,11:44,AcnArbCapBac,2,Inside,CapBac,1.2,18,34,No,0.307352941,0.094230769,0.094230769,Hetero.same
7ZM,9-Jun,sunny,73,11:44,AcnArbCapBac,2,Inside,CapBac,1.2,7,8,No,0.3125,0.083333333,0.083333333,Hetero.same
7ZM,9-Jun,sunny,73,11:44,AcnArbCapBac,2,Inside,CapBac,1.2,6,18,No,0.102777778,0.102777778,0.102777778,Hetero.same
9DITO,12-Jun,cloudy,60,8:05,All,2,Outside,CapBac,0.5,1,10,Yes,0.01,0.01,0.01,Hetero.All
9DITO,12-Jun,cloudy,60,8:05,All,2,Outside,CapBac,0.5,5,19,Yes,0.142105263,0.041176471,0.041176471,Hetero.All
9DITO,12-Jun,cloudy,60,8:05,All,2,Outside,CapBac,0.5,1,11,Yes,0.068181818,0.068181818,0.068181818,Hetero.All
9DITO,12-Jun,cloudy,60,8:05,All,9,Inside,CapBac,0.8,1,15,No,0.006666667,0.006666667,0.006666667,Hetero.All
9DITO,12-Jun,cloudy,60,8:05,All,9,Inside,CapBac,0.8,1,9,No,0.011111111,0.011111111,0.011111111,Hetero.All
9DITO,12-Jun,cloudy,60,8:05,All,9,Inside,CapBac,0.8,4,13,No,0.130769231,0.058333333,0.058333333,Hetero.All
9DITO,12-Jun,sunny,64,9:20,CapBac,1,Outside,CapBac,0.9,0,14,Yes,0,0,0,Intra
9DITO,12-Jun,sunny,64,9:20,CapBac,1,Outside,CapBac,0.9,16,16,Yes,1,0,0,Intra
9DITO,12-Jun,sunny,64,9:20,CapBac,1,Outside,CapBac,0.9,16,20,Yes,0.8,0,0,Intra
9DITO,12-Jun,sunny,64,9:20,CapBac,2,Inside,CapBac,0.9,12,12,Yes,1,0,0,Intra
9DITO,12-Jun,sunny,64,9:20,CapBac,2,Inside,CapBac,0.9,8,17,Yes,0.470588235,0,0,Intra
9DITO,12-Jun,sunny,64,9:20,CapBac,2,Inside,CapBac,0.9,7,18,Yes,0.338888889,0.008333333,0.008333333,Intra
9DITO,12-Jun,sunny,64,9:20,CapBac,3,Inside,CapBac,0.8,3,12,Yes,0.041666667,0.041666667,0.041666667,Intra
9DITO,12-Jun,sunny,64,9:20,CapBac,3,Inside,CapBac,0.8,0,11,Yes,0,0,0,Intra
9DITO,12-Jun,sunny,64,9:20,CapBac,3,Inside,CapBac,0.8,8,11,Yes,0.727272727,0,0,Intra
9DITO,12-Jun,sunny,64,9:20,CapBac,4,Inside,CapBac,0.9,6,11,Yes,0.481818182,0.05,0.05,Intra
9DITO,12-Jun,sunny,64,9:20,CapBac,4,Inside,CapBac,0.9,4,16,Yes,0.1625,0.042857143,0.042857143,Intra
9DITO,12-Jun,sunny,64,9:20,CapBac,4,Inside,CapBac,0.9,2,26,Yes,0.007692308,0.007692308,0.007692308,Intra
7ZM,17-Jun,sunny,54,10:47,CapBac,1,Outside,CapBac,0.5,7,15,No,0.203333333,0.146428571,0.146428571,Intra
7ZM,17-Jun,sunny,54,10:47,CapBac,1,Outside,CapBac,0.5,10,18,No,0.455555556,0.02,0.02,Intra
7ZM,17-Jun,sunny,54,10:47,CapBac,1,Outside,CapBac,0.5,10,23,No,0.317391304,0.01875,0.01875,Intra
7ZM,17-Jun,sunny,54,10:47,CapBac,2,Inside,CapBac,0.8,8,29,No,0.275862069,0,0,Intra
7ZM,17-Jun,sunny,54,10:47,CapBac,2,Inside,CapBac,0.8,11,15,No,0.4,0.1,0.1,Intra
7ZM,17-Jun,sunny,54,10:47,CapBac,2,Inside,CapBac,0.8,6,29,No,0.206896552,0,0,Intra
7ZM,17-Jun,sunny,54,10:47,CapBac,3,Inside,CapBac,0.6,2,18,No,0.022222222,0.022222222,0.022222222,Intra
7ZM,17-Jun,sunny,54,10:47,CapBac,3,Inside,CapBac,0.6,6,19,No,0.315789474,0,0,Intra
7ZM,17-Jun,sunny,54,10:47,CapBac,3,Inside,CapBac,0.6,5,13,No,0.038461538,0.038461538,0.038461538,Intra
7ZM,17-Jun,sunny,54,10:47,CapBac,4,Inside,CapBac,0.7,0,15,No,0,0,0,Intra
7ZM,17-Jun,sunny,54,10:47,CapBac,4,Inside,CapBac,0.7,1,19,No,0.005263158,0.005263158,0.005263158,Intra
7ZM,17-Jun,sunny,54,10:47,CapBac,4,Inside,CapBac,0.7,1,16,No,0.00625,0.00625,0.00625,Intra
5PF1,18-Jun,sunny,56,10:12,All,7,Inside,CapBac,0.8,10,17,No,0.226470588,0.123333333,0.123333333,Hetero.All
5PF1,18-Jun,sunny,56,10:12,All,7,Inside,CapBac,0.8,7,20,No,0.12,0.12,0.12,Hetero.All
5PF1,18-Jun,sunny,56,10:12,All,7,Inside,CapBac,0.8,6,21,No,0.038095238,0.038095238,0.038095238,Hetero.All
5PF1,18-Jun,sunny,56,10:12,All,11,Inside,CapBac,1.2,2,19,No,0.021052632,0.021052632,0.021052632,Hetero.All
5PF1,18-Jun,sunny,56,10:12,All,11,Inside,CapBac,1.2,3,31,No,0.009677419,0.009677419,0.009677419,Hetero.All
5PF1,18-Jun,sunny,56,10:12,All,11,Inside,CapBac,1.2,8,39,No,0.035897436,0.035897436,0.035897436,Hetero.All
5PF1,18-Jun,sunny,63,11:45,CapBacCasSyl,1,Outside,CapBac,0.8,0,8,No,0,0,0,Hetero.diff
5PF1,18-Jun,sunny,63,11:45,CapBacCasSyl,1,Outside,CapBac,0.8,4,19,No,0.163157895,0.00625,0.00625,Hetero.diff
5PF1,18-Jun,sunny,63,11:45,CapBacCasSyl,1,Outside,CapBac,0.8,0,11,No,0,0,0,Hetero.diff
5PF1,18-Jun,sunny,63,11:45,CapBacCasSyl,2,Inside,CapBac,0.7,4,16,No,0.025,0.025,0.025,Hetero.diff
5PF1,18-Jun,sunny,63,11:45,CapBacCasSyl,2,Inside,CapBac,0.7,0,12,No,0,0,0,Hetero.diff
5PF1,18-Jun,sunny,63,11:45,CapBacCasSyl,2,Inside,CapBac,0.7,2,16,No,0.0125,0.0125,0.0125,Hetero.diff
5PF1,18-Jun,sunny,63,12:18,CapBacCelIgu,1,Outside,CapBac,0.8,7,16,Yes,0.16875,0.05,0.05,Hetero.diff
5PF1,18-Jun,sunny,63,12:18,CapBacCelIgu,1,Outside,CapBac,0.8,2,18,Yes,0.022222222,0.022222222,0.022222222,Hetero.diff
5PF1,18-Jun,sunny,63,12:18,CapBacCelIgu,1,Outside,CapBac,0.8,9,15,Yes,0.18,0.053846154,0.053846154,Hetero.diff
5PF1,18-Jun,sunny,63,12:18,CapBacCelIgu,2,Inside,CapBac,0.8,2,14,Yes,0.014285714,0.014285714,0.014285714,Hetero.diff
5PF1,18-Jun,sunny,63,12:18,CapBacCelIgu,2,Inside,CapBac,0.8,8,25,Yes,0.128,0.052173913,0.052173913,Hetero.diff
5PF1,18-Jun,sunny,63,12:18,CapBacCelIgu,2,Inside,CapBac,0.8,0,10,Yes,0,0,0,Hetero.diff
5PF1,18-Jun,sunny,64,12:27,CapBacTreMic,1,Outside,CapBac,0.8,3,12,No,0.041666667,0.041666667,0.041666667,Hetero.diff
5PF1,18-Jun,sunny,64,12:27,CapBacTreMic,1,Outside,CapBac,0.8,1,14,No,0.007142857,0.007142857,0.007142857,Hetero.diff
5PF1,18-Jun,sunny,64,12:27,CapBacTreMic,1,Outside,CapBac,0.8,4,12,No,0.2,0.04,0.04,Hetero.diff
5PF1,18-Jun,sunny,64,12:27,CapBacTreMic,2,Inside,CapBac,1,3,6,No,0.116666667,0.116666667,0.116666667,Hetero.diff
5PF1,18-Jun,sunny,64,12:27,CapBacTreMic,2,Inside,CapBac,1,0,12,No,0,0,0,Hetero.diff
5PF1,18-Jun,sunny,64,12:27,CapBacTreMic,2,Inside,CapBac,1,7,17,No,0.155882353,0.103125,0.103125,Hetero.diff
4AJ,20-Jun,cloudy,53,8:20,AcnArbCapBac,3,Outside,CapBac,1.1,27,37,No,0.637837838,0.042857143,0.042857143,Hetero.same
4AJ,20-Jun,cloudy,53,8:20,AcnArbCapBac,3,Outside,CapBac,1.1,6,17,No,0.035294118,0.035294118,0.035294118,Hetero.same
4AJ,20-Jun,cloudy,53,8:20,AcnArbCapBac,3,Outside,CapBac,1.1,16,31,No,0.419354839,0.052631579,0.052631579,Hetero.same
4AJ,20-Jun,cloudy,53,8:20,AcnArbCapBac,4,Inside,CapBac,1.2,16,19,No,0.602631579,0.161111111,0.161111111,Hetero.same
4AJ,20-Jun,cloudy,53,8:20,AcnArbCapBac,4,Inside,CapBac,1.2,7,16,No,0.38125,0.01,0.01,Hetero.same
4AJ,20-Jun,cloudy,53,8:20,AcnArbCapBac,4,Inside,CapBac,1.2,10,21,No,0.347619048,0.021428571,0.021428571,Hetero.same
4AJ,20-Jun,cloudy,53,8:45,CapBacCasSyl,1,Outside,CapBac,1.1,18,18,Yes,1,0,0,Hetero.diff
4AJ,20-Jun,cloudy,53,8:45,CapBacCasSyl,1,Outside,CapBac,1.1,23,23,Yes,1,0,0,Hetero.diff
4AJ,20-Jun,cloudy,53,8:45,CapBacCasSyl,1,Outside,CapBac,1.1,21,21,Yes,1,0,0,Hetero.diff
4AJ,20-Jun,cloudy,53,8:45,CapBacCasSyl,2,Inside,CapBac,0.9,4,17,No,0.035294118,0.035294118,0.035294118,Hetero.diff
4AJ,20-Jun,cloudy,53,8:45,CapBacCasSyl,2,Inside,CapBac,0.9,1,18,No,0.005555556,0.005555556,0.005555556,Hetero.diff
4AJ,20-Jun,cloudy,53,8:45,CapBacCasSyl,2,Inside,CapBac,0.9,1,20,No,0.005,0.005,0.005,Hetero.diff
4AJ,20-Jun,cloudy,53,8:53,CapBacTreMic,1,Outside,CapBac,1,14,14,Yes,1,0,0,Hetero.diff
4AJ,20-Jun,cloudy,53,8:53,CapBacTreMic,1,Outside,CapBac,1,10,10,Yes,1,0,0,Hetero.diff
4AJ,20-Jun,cloudy,53,8:53,CapBacTreMic,1,Outside,CapBac,1,18,18,Yes,1,0,0,Hetero.diff
4AJ,20-Jun,cloudy,53,8:53,CapBacTreMic,2,Inside,CapBac,0.8,12,12,No,1,0,0,Hetero.diff
4AJ,20-Jun,cloudy,53,8:53,CapBacTreMic,2,Inside,CapBac,0.8,12,12,No,1,0,0,Hetero.diff
4AJ,20-Jun,cloudy,53,8:53,CapBacTreMic,2,Inside,CapBac,0.8,20,20,No,1,0,0,Hetero.diff
4AJ,20-Jun,sunny,61,10:30,CapBacCelIgu,1,Outside,CapBac,1.1,14,27,No,0.459259259,0.026666667,0.026666667,Hetero.diff
4AJ,20-Jun,sunny,61,10:30,CapBacCelIgu,1,Outside,CapBac,1.1,2,9,No,0.094444444,0.094444444,0.094444444,Hetero.diff
4AJ,20-Jun,sunny,61,10:30,CapBacCelIgu,1,Outside,CapBac,1.1,9,12,No,0.370833333,0.161111111,0.161111111,Hetero.diff
4AJ,20-Jun,sunny,61,10:30,CapBacCelIgu,2,Inside,CapBac,1.1,9,18,No,0.361111111,0.041666667,0.041666667,Hetero.diff
4AJ,20-Jun,sunny,61,10:30,CapBacCelIgu,2,Inside,CapBac,1.1,8,24,No,0.2,0.04,0.04,Hetero.diff
4AJ,20-Jun,sunny,61,10:30,CapBacCelIgu,2,Inside,CapBac,1.1,10,16,No,0.40625,0.208333333,0.208333333,Hetero.diff
4AJ,21-Jun,partly cloudy,61,9:40,All,9,Inside,CapBac,0.9,0,12,No,0,0,0,Hetero.All
4AJ,21-Jun,partly cloudy,61,9:40,All,9,Inside,CapBac,0.9,16,34,No,0.314705882,0.103846154,0.103846154,Hetero.All
4AJ,21-Jun,partly cloudy,61,9:40,All,9,Inside,CapBac,0.9,3,11,No,0.168181818,0.085,0.085,Hetero.All
4AJ,21-Jun,partly cloudy,61,9:40,All,11,Inside,CapBac,0.8,6,13,No,0.157692308,0.157692308,0.157692308,Hetero.All
4AJ,21-Jun,partly cloudy,61,9:40,All,11,Inside,CapBac,0.8,5,15,No,0.12,0.057142857,0.057142857,Hetero.All
4AJ,21-Jun,partly cloudy,61,9:40,All,11,Inside,CapBac,0.8,9,18,No,0.180555556,0.132352941,0.132352941,Hetero.All
4AJ,21-Jun,sunny,65,10:31,CapBac,1,Outside,CapBac,0.9,4,10,No,0.31,0.014285714,0.014285714,Intra
4AJ,21-Jun,sunny,65,10:31,CapBac,1,Outside,CapBac,0.9,6,13,No,0.323076923,0.022222222,0.022222222,Intra
4AJ,21-Jun,sunny,65,10:31,CapBac,1,Outside,CapBac,0.9,3,11,No,0.272727273,0,0,Intra
4AJ,21-Jun,sunny,65,10:31,CapBac,2,Inside,CapBac,1,2,13,Yes,0.030769231,0.030769231,0.030769231,Intra
4AJ,21-Jun,sunny,65,10:31,CapBac,2,Inside,CapBac,1,14,14,Yes,1,0,0,Intra
4AJ,21-Jun,sunny,65,10:31,CapBac,2,Inside,CapBac,1,2,21,Yes,0.095238095,0,0,Intra
4AJ,21-Jun,sunny,65,10:31,CapBac,3,Inside,CapBac,1.1,23,29,Yes,0.7,0.033333333,0.033333333,Intra
4AJ,21-Jun,sunny,65,10:31,CapBac,3,Inside,CapBac,1.1,8,14,Yes,0.571428571,0,0,Intra
4AJ,21-Jun,sunny,65,10:31,CapBac,3,Inside,CapBac,1.1,2,11,Yes,0.036363636,0.036363636,0.036363636,Intra
4AJ,21-Jun,sunny,65,10:31,CapBac,4,Inside,CapBac,0.5,14,14,Yes,1,0,0,Intra
4AJ,21-Jun,sunny,65,10:31,CapBac,4,Inside,CapBac,0.5,8,12,Yes,0.591666667,0.02,0.02,Intra
4AJ,21-Jun,sunny,65,10:31,CapBac,4,Inside,CapBac,0.5,8,13,Yes,0.476923077,0.028571429,0.028571429,Intra
4AJ,21-Jun,sunny,65,10:39,CapBacCasDec,3,Outside,CapBac,0.9,9,14,Yes,0.228571429,0.228571429,0.228571429,Hetero.diff
4AJ,21-Jun,sunny,65,10:39,CapBacCasDec,3,Outside,CapBac,0.9,14,14,Yes,1,0,0,Hetero.diff
4AJ,21-Jun,sunny,65,10:39,CapBacCasDec,3,Outside,CapBac,0.9,9,21,Yes,0.3,0.02,0.02,Hetero.diff
4AJ,21-Jun,sunny,65,10:39,CapBacCasDec,4,Inside,CapBac,1,12,20,Yes,0.5525,0.105,0.105,Hetero.diff
4AJ,21-Jun,sunny,65,10:39,CapBacCasDec,4,Inside,CapBac,1,14,19,Yes,0.578947368,0.111111111,0.111111111,Hetero.diff
4AJ,21-Jun,sunny,65,10:39,CapBacCasDec,4,Inside,CapBac,1,16,16,Yes,1,0,0,Hetero.diff
8NEI,24-Jun,sunny,66,9:47,CapBac,1,Outside,CapBac,0.7,12,21,No,0.314285714,0.04,0.04,Intra
8NEI,24-Jun,sunny,66,9:47,CapBac,1,Outside,CapBac,0.7,5,13,No,0.038461538,0.038461538,0.038461538,Intra
8NEI,24-Jun,sunny,66,9:47,CapBac,1,Outside,CapBac,0.7,5,7,No,0.285714286,0.166666667,0.166666667,Intra
8NEI,24-Jun,sunny,66,9:47,CapBac,2,Inside,CapBac,0.6,12,12,No,1,0,0,Intra
8NEI,24-Jun,sunny,66,9:47,CapBac,2,Inside,CapBac,0.6,3,14,No,0.1,0.030769231,0.030769231,Intra
8NEI,24-Jun,sunny,66,9:47,CapBac,2,Inside,CapBac,0.6,2,9,No,0.044444444,0.044444444,0.044444444,Intra
8NEI,24-Jun,sunny,66,9:47,CapBac,3,Inside,CapBac,0.8,3,17,No,0.017647059,0.017647059,0.017647059,Intra
8NEI,24-Jun,sunny,66,9:47,CapBac,3,Inside,CapBac,0.8,2,10,No,0.02,0.02,0.02,Intra
8NEI,24-Jun,sunny,66,9:47,CapBac,3,Inside,CapBac,0.8,1,12,No,0.008333333,0.008333333,0.008333333,Intra
8NEI,24-Jun,sunny,66,9:47,CapBac,4,Inside,CapBac,0.8,14,17,No,0.702941176,0.158333333,0.158333333,Intra
8NEI,24-Jun,sunny,66,9:47,CapBac,4,Inside,CapBac,0.8,2,12,No,0.091666667,0.009090909,0.009090909,Intra
8NEI,24-Jun,sunny,66,9:47,CapBac,4,Inside,CapBac,0.8,9,23,No,0.32173913,0.025,0.025,Intra
8NEI,24-Jun,sunny,68,10:15,All,7,Inside,CapBac,0.7,9,28,No,0.225,0.013636364,0.013636364,Hetero.All
8NEI,24-Jun,sunny,68,10:15,All,7,Inside,CapBac,0.7,4,10,No,0.04,0.04,0.04,Hetero.All
8NEI,24-Jun,sunny,68,10:15,All,7,Inside,CapBac,0.7,11,32,No,0.315625,0.004545455,0.004545455,Hetero.All
8NEI,24-Jun,sunny,68,10:15,All,11,Inside,CapBac,0.7,3,20,No,0.07,0.021052632,0.021052632,Hetero.All
8NEI,24-Jun,sunny,68,10:15,All,11,Inside,CapBac,0.7,0,9,No,0,0,0,Hetero.All
8NEI,24-Jun,sunny,68,10:15,All,11,Inside,CapBac,0.7,21,27,No,0.598148148,0.165384615,0.165384615,Hetero.All
8NEI,24-Jun,sunny,71,10:50,AcnArbCapBac,3,Outside,CapBac,0.8,4,16,No,0.19375,0.007692308,0.007692308,Hetero.same
8NEI,24-Jun,sunny,71,10:50,AcnArbCapBac,3,Outside,CapBac,0.8,6,7,No,0.857142857,0,0,Hetero.same
8NEI,24-Jun,sunny,71,10:50,AcnArbCapBac,3,Outside,CapBac,0.8,3,15,No,0.033333333,0.033333333,0.033333333,Hetero.same
8NEI,24-Jun,sunny,71,10:50,AcnArbCapBac,4,Inside,CapBac,0.8,10,10,Yes,1,0,0,Hetero.same
8NEI,24-Jun,sunny,71,10:50,AcnArbCapBac,4,Inside,CapBac,0.8,13,16,Yes,0.41875,0.07,0.07,Hetero.same
8NEI,24-Jun,sunny,71,10:50,AcnArbCapBac,4,Inside,CapBac,0.8,8,8,Yes,1,0,0,Hetero.same
8NEI,24-Jun,sunny,71,10:54,CapBacCasDec,1,Outside,CapBac,0.5,8,8,Yes,1,0,0,Hetero.diff
8NEI,24-Jun,sunny,71,10:54,CapBacCasDec,1,Outside,CapBac,0.5,10,10,Yes,1,0,0,Hetero.diff
8NEI,24-Jun,sunny,71,10:54,CapBacCasDec,1,Outside,CapBac,0.5,12,12,Yes,1,0,0,Hetero.diff
8NEI,24-Jun,sunny,71,10:54,CapBacCasDec,2,Inside,CapBac,0.8,12,12,No,1,0,0,Hetero.diff
8NEI,24-Jun,sunny,71,10:54,CapBacCasDec,2,Inside,CapBac,0.8,9,20,No,0.4375,0.0625,0.0625,Hetero.diff
8NEI,24-Jun,sunny,71,10:54,CapBacCasDec,2,Inside,CapBac,0.8,12,20,No,0.565,0.033333333,0.033333333,Hetero.diff
5PF1,26-Jun,sunny,61,9:24,CapBac,1,Outside,CapBac,0.7,6,20,No,0.05,0.05,0.05,Intra
5PF1,26-Jun,sunny,61,9:24,CapBac,1,Outside,CapBac,0.7,0,17,No,0,0,0,Intra
5PF1,26-Jun,sunny,61,9:24,CapBac,1,Outside,CapBac,0.7,1,14,No,0.007142857,0.007142857,0.007142857,Intra
5PF1,26-Jun,sunny,61,9:24,CapBac,2,Inside,CapBac,0.6,3,11,No,0.045454545,0.045454545,0.045454545,Intra
5PF1,26-Jun,sunny,61,9:24,CapBac,2,Inside,CapBac,0.6,0,18,No,0,0,0,Intra
5PF1,26-Jun,sunny,61,9:24,CapBac,2,Inside,CapBac,0.6,3,15,No,0.02,0.02,0.02,Intra
5PF1,26-Jun,sunny,61,9:24,CapBac,3,Inside,CapBac,1.1,10,15,No,0.666666667,0,0,Intra
5PF1,26-Jun,sunny,61,9:24,CapBac,3,Inside,CapBac,1.1,7,13,No,0.207692308,0.063636364,0.063636364,Intra
5PF1,26-Jun,sunny,61,9:24,CapBac,3,Inside,CapBac,1.1,8,15,No,0.066666667,0.066666667,0.066666667,Intra
5PF1,26-Jun,sunny,61,9:24,CapBac,4,Inside,CapBac,1,1,15,No,0.006666667,0.006666667,0.006666667,Intra
5PF1,26-Jun,sunny,61,9:24,CapBac,4,Inside,CapBac,1,6,21,No,0.057142857,0.057142857,0.057142857,Intra
5PF1,26-Jun,sunny,61,9:24,CapBac,4,Inside,CapBac,1,1,30,No,0.003333333,0.003333333,0.003333333,Intra
5PF1,26-Jun,sunny,67,10:10,AcnArbCapBac,3,Outside,CapBac,1.7,10,10,Yes,1,0,0,Hetero.same
5PF1,26-Jun,sunny,67,10:10,AcnArbCapBac,3,Outside,CapBac,1.7,15,15,Yes,1,0,0,Hetero.same
5PF1,26-Jun,sunny,67,10:10,AcnArbCapBac,3,Outside,CapBac,1.7,11,25,Yes,0.304,0.033333333,0.033333333,Hetero.same
5PF1,26-Jun,sunny,67,10:10,AcnArbCapBac,4,Inside,CapBac,0.6,10,14,Yes,0.585714286,0.033333333,0.033333333,Hetero.same
5PF1,26-Jun,sunny,67,10:10,AcnArbCapBac,4,Inside,CapBac,0.6,0,15,Yes,0,0,0,Hetero.same
5PF1,26-Jun,sunny,67,10:10,AcnArbCapBac,4,Inside,CapBac,0.6,2,8,Yes,0.025,0.025,0.025,Hetero.same
5PF1,26-Jun,sunny,69,10:27,CapBac,1,Outside,CapBac,0.7,8,27,No,0.296296296,0,0,Intra
5PF1,26-Jun,sunny,69,10:27,CapBac,1,Outside,CapBac,0.7,0,10,No,0,0,0,Intra
5PF1,26-Jun,sunny,69,10:27,CapBac,1,Outside,CapBac,0.7,8,19,No,0.326315789,0.015384615,0.015384615,Intra
5PF1,26-Jun,sunny,69,10:27,CapBac,2,Inside,CapBac,1,9,17,Yes,0.488235294,0.033333333,0.033333333,Intra
5PF1,26-Jun,sunny,69,10:27,CapBac,2,Inside,CapBac,1,13,13,Yes,0.980769231,0.75,0.75,Intra
5PF1,26-Jun,sunny,69,10:27,CapBac,2,Inside,CapBac,1,4,9,Yes,0.161111111,0.161111111,0.161111111,Intra
5PF1,26-Jun,sunny,69,10:27,CapBac,3,Inside,CapBac,1,8,8,Yes,1,0,0,Intra
5PF1,26-Jun,sunny,69,10:27,CapBac,3,Inside,CapBac,1,4,12,Yes,0.066666667,0.066666667,0.066666667,Intra
5PF1,26-Jun,sunny,69,10:27,CapBac,3,Inside,CapBac,1,11,11,Yes,1,0,0,Intra
5PF1,26-Jun,sunny,69,10:27,CapBac,4,Inside,CapBac,0.7,6,16,No,0.375,0,0,Intra
5PF1,26-Jun,sunny,69,10:27,CapBac,4,Inside,CapBac,0.7,5,11,No,0.127272727,0.04,0.04,Intra
5PF1,26-Jun,sunny,69,10:27,CapBac,4,Inside,CapBac,0.7,2,12,No,0.091666667,0.009090909,0.009090909,Intra
10JG,27-Jun,sunny,66,10:06,CapBacCasDec,1,Outside,CapBac,0.6,8,23,Yes,0.167391304,0.088095238,0.088095238,Hetero.diff
10JG,27-Jun,sunny,66,10:06,CapBacCasDec,1,Outside,CapBac,0.6,13,13,Yes,1,0,0,Hetero.diff
10JG,27-Jun,sunny,66,10:06,CapBacCasDec,1,Outside,CapBac,0.6,10,23,Yes,0.165217391,0.127272727,0.127272727,Hetero.diff
10JG,27-Jun,sunny,66,10:06,CapBacCasDec,2,Inside,CapBac,0.7,7,10,Yes,0.38,0.114285714,0.114285714,Hetero.diff
10JG,27-Jun,sunny,66,10:06,CapBacCasDec,2,Inside,CapBac,0.7,9,9,Yes,1,0,0,Hetero.diff
10JG,27-Jun,sunny,66,10:06,CapBacCasDec,2,Inside,CapBac,0.7,4,16,Yes,0.090625,0.090625,0.090625,Hetero.diff
10JG,27-Jun,sunny,66,10:13,CapBac,1,Outside,CapBac,0.5,8,21,No,0.295238095,0.013333333,0.013333333,Intra
10JG,27-Jun,sunny,66,10:13,CapBac,1,Outside,CapBac,0.5,7,13,No,0.188461538,0.120833333,0.120833333,Intra
10JG,27-Jun,sunny,66,10:13,CapBac,1,Outside,CapBac,0.5,1,10,No,0.03,0.03,0.03,Intra
10JG,27-Jun,sunny,66,10:13,CapBac,2,Inside,CapBac,0.8,7,11,No,0.118181818,0.118181818,0.118181818,Intra
10JG,27-Jun,sunny,66,10:13,CapBac,2,Inside,CapBac,0.8,3,17,No,0.017647059,0.017647059,0.017647059,Intra
10JG,27-Jun,sunny,66,10:13,CapBac,2,Inside,CapBac,0.8,4,8,No,0.05,0.05,0.05,Intra
10JG,27-Jun,sunny,66,10:13,CapBac,3,Inside,CapBac,0.7,2,12,No,0.016666667,0.016666667,0.016666667,Intra
10JG,27-Jun,sunny,66,10:13,CapBac,3,Inside,CapBac,0.7,4,11,No,0.136363636,0.05,0.05,Intra
10JG,27-Jun,sunny,66,10:13,CapBac,3,Inside,CapBac,0.7,1,14,No,0.007142857,0.007142857,0.007142857,Intra
10JG,27-Jun,sunny,66,10:13,CapBac,4,Inside,CapBac,0.8,4,23,No,0.017391304,0.017391304,0.017391304,Intra
10JG,27-Jun,sunny,66,10:13,CapBac,4,Inside,CapBac,0.8,2,8,No,0.025,0.025,0.025,Intra
10JG,27-Jun,sunny,66,10:13,CapBac,4,Inside,CapBac,0.8,5,17,No,0.041176471,0.041176471,0.041176471,Intra
10JG,27-Jun,sunny,66,10:20,CapBacTreMic,1,Outside,CapBac,0.7,10,10,No,1,0,0,Hetero.diff
10JG,27-Jun,sunny,66,10:20,CapBacTreMic,1,Outside,CapBac,0.7,4,15,No,0.053333333,0.053333333,0.053333333,Hetero.diff
10JG,27-Jun,sunny,66,10:20,CapBacTreMic,1,Outside,CapBac,0.7,9,9,No,1,0,0,Hetero.diff
10JG,27-Jun,sunny,66,10:20,CapBacTreMic,2,Inside,CapBac,0.8,9,15,No,0.073333333,0.073333333,0.073333333,Hetero.diff
10JG,27-Jun,sunny,66,10:20,CapBacTreMic,2,Inside,CapBac,0.8,5,10,No,0.07,0.07,0.07,Hetero.diff
10JG,27-Jun,sunny,66,10:20,CapBacTreMic,2,Inside,CapBac,0.8,7,14,No,0.078571429,0.078571429,0.078571429,Hetero.diff
10JG,27-Jun,sunny,69,10:42,CapBacCasSyl,3,Outside,CapBac,0.9,12,13,No,0.5,0.1875,0.1875,Hetero.diff
10JG,27-Jun,sunny,69,10:42,CapBacCasSyl,3,Outside,CapBac,0.9,5,14,No,0.035714286,0.035714286,0.035714286,Hetero.diff
10JG,27-Jun,sunny,69,10:42,CapBacCasSyl,3,Outside,CapBac,0.9,13,20,No,0.105,0.105,0.105,Hetero.diff
10JG,27-Jun,sunny,69,10:42,CapBacCasSyl,4,Inside,CapBac,1,4,19,No,0.021052632,0.021052632,0.021052632,Hetero.diff
10JG,27-Jun,sunny,69,10:42,CapBacCasSyl,4,Inside,CapBac,1,8,14,No,0.103571429,0.103571429,0.103571429,Hetero.diff
10JG,27-Jun,sunny,69,10:42,CapBacCasSyl,4,Inside,CapBac,1,12,16,No,0.215625,0.215625,0.215625,Hetero.diff
10JG,28-Jun,sunny,61,9:28,All,7,Inside,CapBac,1.1,2,13,No,0.015384615,0.015384615,0.015384615,Hetero.All
10JG,28-Jun,sunny,61,9:28,All,7,Inside,CapBac,1.1,2,18,No,0.111111111,0,0,Hetero.All
10JG,28-Jun,sunny,61,9:28,All,7,Inside,CapBac,1.1,1,14,No,0.007142857,0.007142857,0.007142857,Hetero.All
10JG,28-Jun,sunny,61,9:28,All,12,Outside,CapBac,1.1,2,14,No,0.014285714,0.014285714,0.014285714,Hetero.All
10JG,28-Jun,sunny,61,9:28,All,12,Outside,CapBac,1.1,8,15,No,0.08,0.08,0.08,Hetero.All
10JG,28-Jun,sunny,61,9:28,All,12,Outside,CapBac,1.1,6,13,No,0.061538462,0.061538462,0.061538462,Hetero.All
10JG,28-Jun,sunny,61,10:46,CapBacCelIgu,1,Outside,CapBac,0.7,1,14,No,0.007142857,0.007142857,0.007142857,Hetero.diff
10JG,28-Jun,sunny,61,10:46,CapBacCelIgu,1,Outside,CapBac,0.7,0,10,No,0,0,0,Hetero.diff
10JG,28-Jun,sunny,61,10:46,CapBacCelIgu,1,Outside,CapBac,0.7,3,11,No,0.190909091,0.011111111,0.011111111,Hetero.diff
10JG,28-Jun,sunny,61,10:46,CapBacCelIgu,2,Inside,CapBac,1.1,1,14,No,0.007142857,0.007142857,0.007142857,Hetero.diff
10JG,28-Jun,sunny,61,10:46,CapBacCelIgu,2,Inside,CapBac,1.1,4,12,No,0.033333333,0.033333333,0.033333333,Hetero.diff
10JG,28-Jun,sunny,61,10:46,CapBacCelIgu,2,Inside,CapBac,1.1,1,11,No,0.027272727,0.027272727,0.027272727,Hetero.diff
