Area,date,hour,bird,Plant_Sp,fruits_eat,pecks,handling_tec,reach,drop_seed,drop_fruit,forest_stratum,tree_structure,time_forag,next_perch
AURORA,97526,1130,PRBU,GUGU,1,0,M,S,0,0,2,3,1,0
AURORA,97526,1000,PRTA,CESC,1,1,MG,S,0,0,3,3,0.5,0
AURORA,97567,814,BWVI,GUGU,1,1,G,FU,0,0,3,3,1,1
AURORA,97567,848,PETH,INVE,1,1,P,FU,0,0,3,3,0.5,1
AURORA,97567,912,PETH,THOC,3,3,G,AB,0,0,3,3,2,1
AURORA,97567,739,PRTA,CESC,7,0,MG,FU,0,0,3,3,1,3
AURORA,97567,729,PRTA,CESC,1,2,MG,AB,0,0,3,3,0.5,1
AURORA,97567,730,PRTA,CESC,1,4,MG,AB,0,0,3,3,1,1
AURORA,97567,843,PRWO,SCMO,2,2,G,AB,0,0,3,3,1,1
AURORA,97567,814,RLTH,SCMO,2,2,G,AB,0,0,3,3,1,3
AURORA,97567,740,SHTA,CESC,3,0,MG,AB,0,0,3,3,0.5,2
AURORA,97567,704,SHTA,CISSUS SP.,3,3,MG,FU,0,0,3,3,2,2
AURORA,97567,843,SHTA,PH SP.,1,3,MG,FU,0,0,3,3,1,1
AURORA,97567,938,SHTA,MICONIA SP.,2,2,MG,AB,0,0,3,3,0.5,1
AURORA,97567,1135,SHTA,SCMO,3,3,MG,AB,0,0,3,3,1,2
AURORA,97567,718,SHTA,MICONIA SP.,2,2,MG,AB,0,0,3,3,1.5,1
AURORA,97609,1220,PRTA,CESC,1,4,MG,S,0,0,3,3,0.5,1
AURORA,97711,745,SHTA,THOC,8,9,M,FU,8,0,3,2,2,2
AURORA,97711,1004,SHTA,SCMO,2,2,MG,FU,0,0,3,2,1,1
AURORA,97711,1004,SHTA,SCMO,2,2,MG,FU,0,0,3,2,1,1
AURORA,97711,905,SHTA,CESC,1,2,MG,AB,0,0,3,3,0.5,1
AURORA,97729,1145,ANEU,TOHI,6,0,MG,FU,3,0,1,3,3.5,1
AURORA,97730,809,PRTA,MICONIA SP.,1,0,MG,FU,0,0,1,3,1,1
AURORA,97730,810,PRTA,MICONIA SP.,2,0,MG,FU,0,0,1,3,0.5,1
AURORA,981007,834,SHTA,ANIN,4,8,P,AR,0,0,3,3,2,2
AURORA,981007,844,ANEU,ANSC,3,6,MG,S,0,0,3,1,0.5,2
AURORA,981009,1000,SHTA,COAR,1,0,0,0,0,0,0,0,0,0
BAEZ SUELTA,98831,735,BFGR,PACR,2,2,G,S,0,0,1,2,0.5,3
BARAKO,981006,757,PRTA,CESC,2,4,MG,S,0,0,2,3,1,1
BARAKO,981006,757,PRTA,CESC,2,3,MG,S,0,0,2,3,1,1
BARAKO,981006,805,PRTA,CESC,1,1,0,0,0,0,3,3,0.5,2
BARAKO,981006,809,PRTA,GUGU,0,0,0,0,0,0,1,3,0,0
BARAKO,981006,819,PETH,GUGU,1,0,G,S,0,0,2,3,0.5,2
BARAKO,981006,822,PRBU,GUGU,1,25,M,S,0,0,3,2,3,2
BARAKO,981006,826,PETH,GUGU,1,0,G,S,0,0,3,2,0.5,0
BARAKO,981006,852,PRBU,GUGU,1,0,0,0,1,0,3,3,0.5,2
BARAKO,981006,853,SHTA,GUGU,0,0,0,0,0,0,3,3,0.5,3
BARAKO,981009,718,SHTA,CESC,1,0,0,S,0,0,3,3,1,0
BARAKO,981009,726,PRTA,CESC,2,3,MG,S,0,1,3,3,0.5,1
BARAKO,981009,730,PRBU,GUGU,4,15,M,S,4,0,3,3,10,1
BARAKO,981009,813,PRBU,GUGU,12,2,R,F,2,0,3,2,5,1
BARAKO,981009,910,PRTA,MICONIA SP.,5,0,MG,AB,0,0,1,3,2,1
CIALITO SUELTA,98428,1140,SHTA,PH SP.,6,6,MG,S,0,0,1,2,3,3
CIALITO SUELTA,98428,1150,SHTA,PH SP.,5,5,MG,S,0,0,2,2,2,3
CIALITO SUELTA,98428,1256,PRBU,PH SP.,6,6,MG,S,0,0,1,2,1,1
CIALITO SUELTA,98428,1143,BWVI,GUGU,1,1,G,S,0,0,1,2,5,1
CIALITOS,97567,914,ANEU,PH SP.,2,0,MG,AB,0,0,2,1,2,1
CIALITOS,97567,1055,ANEU,ANSC,9,0,MG,AB,0,0,2,1,1.5,1
CIALITOS,97567,1058,ANEU,ANSC,25,0,MG,AB,0,0,2,1,3.5,2
CIALITOS,97567,1059,ANEU,PH SP.,0,0,MG,FU,0,0,3,2,4,1
CIALITOS,97567,1059,ANEU,PH SP.,0,0,MG,FU,0,0,3,2,4,1
CIALITOS,97567,933,ANEU,CESC,1,5,MG,FU,0,0,3,3,1.5,1
CIALITOS,97567,0,ANEU,MICONIA SP.,3,0,MG,S,0,0,1,3,0,0
CIALITOS,97567,0,ANEU,MICONIA SP.,4,0,MG,S,0,0,1,3,0,0
CIALITOS,97567,739,ANEU,CESC,1,5,MG,AB,0,0,3,3,3,1
CIALITOS,97567,824,ANEU,CESC,2,36,MG,AB,0,0,3,3,4,1
CIALITOS,97567,1251,ANEU,PH SP.,5,0,MG,FU,0,0,2,2,2,0
CIALITOS,97567,1041,BCOR,CLRO,2,0,P,C,1,0,3,2,0,3
CIALITOS,97567,738,BWVI,CESC,3,0,G,AB,0,0,3,3,0.5,2
CIALITOS,97567,740,BWVI,CESC,2,0,G,AB,0,0,3,3,0.5,2
CIALITOS,97567,735,BWVI,CESC,2,1,G,FU,0,0,3,3,0.5,2
CIALITOS,97567,750,BWVI,CESC,3,0,G,FU,0,0,3,3,0.5,1
CIALITOS,97567,856,BWVI,INVE,2,0,P,AB,0,0,3,3,1,1
CIALITOS,97567,932,BWVI,GUGU,1,0,G,C,0,0,2,3,0.5,1
CIALITOS,97567,1006,BWVI,CLRO,2,1,G,AB,0,0,2,3,1,1
CIALITOS,97567,926,BWVI,CLRO,1,0,G,C,0,0,3,2,0,0
CIALITOS,97567,958,BWVI,CLRO,0,0,0,C,0,0,3,2,1,2
CIALITOS,97567,1001,BWVI,CLRO,3,0,G,C,0,0,3,3,0.5,3
CIALITOS,97567,1004,BWVI,CLRO,7,0,G,C,0,0,3,3,1,3
CIALITOS,97567,1007,BWVI,CLRO,0,0,0,C,0,0,3,2,1.5,3
CIALITOS,97567,1035,BWVI,CLRO,3,0,G,S,0,0,3,2,0,3
CIALITOS,97567,623,BWVI,CLRO,1,2,G,C,0,0,2,3,1,1
CIALITOS,97567,634,BWVI,CLRO,1,1,G,C,0,0,3,3,0.5,1
CIALITOS,97567,634,BWVI,CLRO,1,2,G,C,0,0,3,3,1,1
CIALITOS,97567,645,BWVI,CLRO,1,3,G,C,0,0,2,3,1,1
CIALITOS,97567,648,BWVI,CLRO,1,5,G,C,0,0,2,3,1.5,1
CIALITOS,97567,653,BWVI,CLRO,1,8,G,AR,0,0,2,3,1.5,1
CIALITOS,97567,700,BWVI,CLRO,1,3,G,AR,0,0,2,3,1,1
CIALITOS,97567,714,BWVI,SCMO,2,2,G,AB,0,0,3,3,0.5,1
CIALITOS,97567,1026,BWVI,CLRO,1,1,G,C,0,0,2,3,0.5,1
CIALITOS,97567,943,BWVI,CESC,1,5,G,AR,0,0,3,3,2,1
CIALITOS,97567,944,BWVI,CESC,1,3,G,FU,0,0,3,3,1,1
CIALITOS,97567,1001,BWVI,CLRO,1,2,G,C,0,0,2,3,1,1
CIALITOS,97567,1002,BWVI,CLRO,1,1,G,C,0,0,2,3,0.5,1
CIALITOS,97567,1013,BWVI,CLRO,1,1,G,C,0,0,2,3,0.5,1
CIALITOS,97567,1016,BWVI,CLRO,1,4,G,C,0,0,2,3,1.5,1
CIALITOS,97567,736,BWVI,CLRO,3,3,G,C,0,0,3,3,1.5,1
CIALITOS,97567,737,BWVI,CLRO,3,3,G,C,0,0,3,3,1,1
CIALITOS,97567,740,BWVI,CLRO,1,1,G,C,0,0,3,3,0.5,1
CIALITOS,97567,743,BWVI,CLRO,2,2,G,C,0,0,3,3,1,1
CIALITOS,97567,1132,BWVI,CLRO,1,3,G,C,0,0,3,3,1.5,1
CIALITOS,97567,703,BWVI,CESC,2,2,G,AB,0,0,3,3,0.5,1
CIALITOS,97567,1051,BWVI,MICONIA SP.,2,2,G,C,0,0,3,3,1,1
CIALITOS,97567,810,PRBU,SYJA,4,1,P,FU,0,0,3,3,2,2
CIALITOS,97567,1009,PRBU,CLRO,0,0,0,S,0,0,3,2,0,0
CIALITOS,97567,802,PRBU,INVE,1,1,P,FU,0,0,3,3,1.5,1
CIALITOS,97567,908,PRBU,SYJA,1,1,P,FU,0,0,3,3,1,1
CIALITOS,97567,1043,PRBU,CESC,1,2,MG,AB,0,0,3,3,1,1
CIALITOS,97567,712,PRTA,INVE,2,1,P,C,0,0,3,3,0.5,1
CIALITOS,97567,743,PRTA,INVE,1,1,P,C,1,0,2,2,2,1
CIALITOS,97567,745,PRTA,INVE,1,1,P,C,1,0,2,2,3,1
CIALITOS,97567,838,PRTA,INVE,2,1,P,C,0,0,2,2,7,1
CIALITOS,97567,909,PRTA,INVE,3,1,P,AB,0,0,3,2,0.5,1
CIALITOS,97567,1015,PRTA,CLRO,0,0,0,S,0,0,3,2,0,0
CIALITOS,97567,1134,PRTA,TRMI,0,0,0,S,0,0,2,3,3,2
CIALITOS,97567,628,PRTA,INVE,1,1,P,AB,0,0,3,3,0.5,1
CIALITOS,97567,659,PRTA,CESC,1,1,MG,FU,0,0,3,3,1,1
CIALITOS,97567,1041,PRTA,CESC,1,2,MG,FU,0,0,3,3,1,1
CIALITOS,97567,755,PRTA,CESC,1,6,MG,AB,0,0,3,3,2,1
CIALITOS,97567,756,PRTA,CESC,1,7,MG,AB,0,0,3,3,2.5,1
CIALITOS,97567,717,PRTA,CESC,2,2,MG,FU,0,0,3,3,0.5,1
CIALITOS,97567,718,PRTA,CESC,5,5,MG,FU,0,0,3,3,1.5,1
CIALITOS,97567,726,PRTA,CESC,3,3,MG,FU,0,0,3,3,1.5,1
CIALITOS,97567,728,PRTA,MICONIA SP.,1,0,MG,S,0,0,0,0,0,0
CIALITOS,97567,1115,PRTA,CESC,1,9,MG,AB,1,0,3,3,1,1
CIALITOS,97567,624,PRWO,CLRO,1,2,G,AB,0,0,2,3,0.5,1
CIALITOS,97567,624,PRWO,CLRO,1,4,G,AB,0,0,2,3,1,1
CIALITOS,97567,953,PRWO,CESC,5,5,G,FU,0,0,3,3,1.5,1
CIALITOS,97567,1005,RLTH,CLRO,0,0,0,S,0,0,3,2,0,0
CIALITOS,97567,1023,RLTH,CLRO,0,0,0,S,0,0,3,2,0,0
CIALITOS,97567,720,SHTA,SCMO,2,0,MG,FU,0,0,2,3,0.5,1
CIALITOS,97567,943,SHTA,CIEL,2,0,MG,AB,0,0,2,3,0.5,1
CIALITOS,97567,945,SHTA,CIEL,32,0,MG,AB,0,0,2,3,2.5,1
CIALITOS,97567,1035,SHTA,CESC,7,0,MG,AB,0,0,3,3,1.5,1
CIALITOS,97567,1038,SHTA,CESC,4,0,MG,AB,0,0,3,3,1,1
CIALITOS,97567,1041,SHTA,CESC,10,0,MG,AB,0,0,3,3,2.5,1
CIALITOS,97567,850,SHTA,MICONIA SP.,5,1,MG,AB,1,0,1,3,3,1
CIALITOS,97567,1121,SHTA,PEDO,0,0,0,FU,0,0,3,2,2,2
CIALITOS,97567,1117,SHTA,PH SP.,7,0,MG,FU,0,0,2,1,5,1
CIALITOS,97567,1240,SHTA,CESC,1,3,MG,AB,0,0,0,0,0.5,1
CIALITOS,97567,1243,SHTA,TRMI,10,10,MG,FU,0,0,1,2,4,0
CIALITOS,97567,1250,SHTA,CESC,1,10,MG,AB,0,0,3,3,1,2
CIALITOS,97567,822,SHTA,CESC,1,8,MG,AB,0,0,3,3,2.5,1
CIALITOS,97567,915,SHTA,CESC,1,4,MG,AR,0,0,3,3,1,1
CIALITOS,97567,919,SHTA,CESC,1,3,MG,FU,0,0,3,3,0.5,1
CIALITOS,97567,811,SHTA,SCMO,1,1,MG,FU,0,0,3,3,1,1
CIALITOS,97567,928,SHTA,CESC,1,12,MG,AR,0,0,3,3,2.5,1
CIALITOS,97567,938,SHTA,CESC,1,4,MG,AB,0,0,3,3,1,1
CIALITOS,97567,1038,SHTA,CESC,1,1,MG,AB,0,0,3,3,0.5,1
CIALITOS,97567,708,SHTA,SCMO,3,3,MG,AB,0,0,3,3,2,1
CIALITOS,97567,803,SHTA,SCMO,2,2,MG,AB,0,0,3,3,1,2
CIALITOS,97567,843,SHTA,CESC,2,2,MG,FU,0,0,3,3,1,2
CIALITOS,97567,927,SHTA,SCMO,2,2,MG,AB,0,0,3,3,1.5,1
CIALITOS,97567,929,SHTA,SCMO,2,2,MG,FU,0,0,3,3,2,1
CIALITOS,97567,930,SHTA,SCMO,1,1,MG,AB,0,0,3,3,1.5,1
CIALITOS,97567,840,SHTA,CESC,1,1,MG,AB,0,0,3,3,1,1
CIALITOS,97567,1038,SHTA,SYJA,1,5,P,AB,0,0,3,3,2,3
CIALITOS,97567,702,SHTA,CESC,2,2,MG,AB,0,0,3,3,0.5,1
CIALITOS,97567,706,SHTA,SCMO,1,1,MG,AB,0,0,3,3,0.5,1
CIALITOS,97567,743,SHTA,FICUS SP.,1,1,MG,FU,0,0,3,3,0.5,2
CIALITOS,97567,802,SHTA,FICUS SP.,1,2,MG,AB,0,0,3,3,1,1
CIALITOS,97567,803,SHTA,FICUS SP.,3,3,MG,AB,0,0,3,3,1.5,1
CIALITOS,97567,804,SHTA,FICUS SP.,1,1,MG,AB,0,0,3,3,0.5,1
CIALITOS,97567,820,SHTA,MICONIA SP.,2,2,MG,AB,0,0,3,3,1.5,1
CIALITOS,97567,821,SHTA,MICONIA SP.,3,3,MG,FU,0,0,3,3,2,1
CIALITOS,97567,834,SHTA,MICONIA SP.,4,4,MG,AB,0,0,3,3,3,1
CIALITOS,97567,1013,SHTA,CESC,5,5,MG,FU,0,0,3,3,1.5,1
CIALITOS,97567,1052,SHTA,MICONIA SP.,2,2,MG,AB,0,0,3,3,1,1
CIALITOS,97567,1058,SHTA,MICONIA SP.,2,2,MG,AB,0,0,3,3,1.5,1
CIALITOS,97567,701,SHTA,SORU,0,1,0,AB,0,0,1,3,5,1
CIALITOS,97567,701,SHTA,SORU,0,1,0,AB,0,0,1,3,5,1
CIALITOS,97567,701,SHTA,SORU,0,1,0,AB,0,0,1,3,5,1
CIALITOS,97567,701,SHTA,SORU,0,1,0,AB,0,0,1,3,5,1
CIALITOS,97567,715,SHTA,SCMO,0,1,0,FU,0,0,3,3,2,1
CIALITOS,97567,722,SHTA,SCMO,0,1,0,S,0,0,3,3,3,1
CIALITOS,97567,807,SHTA,SCMO,3,1,MG,S,0,0,3,3,4,3
CIALITOS,97613,654,ANEU,SYJA,1,1,P,AB,0,0,3,1,0,0
CIALITOS,97613,907,SHTA,INVE,1,0,MG,S,0,0,0,0,0,0
CIALITOS,97703,610,PRTA,CESC,1,2,MG,AB,0,0,3,3,0,0
CIALITOS,97728,1250,ANEU,ANSC,1,0,MG,S,0,0,3,1,0,1
CIALITOS,97728,1030,BWVI,CIEL,1,0,G,S,0,0,3,3,0,0
CIALITOS,97728,1030,GRKI,CIEL,1,0,G,F,0,0,3,3,0,0
CIALITOS,97728,1030,PRTA,CIEL,1,0,MG,S,0,0,3,3,0,0
CIALITOS,97728,1320,SHTA,OCCO,1,1,MG,AR,0,0,3,3,0,0
CIALITOS,97728,1030,SHTA,CIEL,0,0,MG,S,0,0,3,3,0,0
CIALITOS,98127,840,PRBU,PH SP.,14,0,M,S,0,8,2,2,1.5,2
CIALITOS,98127,844,ANEU,PH SP.,7,0,MG,S,0,6,3,2,1,2
CIALITOS,98127,859,SHTA,COSU,2,0,MG,S,0,0,2,3,0.5,2
CIALITOS,98127,902,SHTA,COSU,0,0,0,0,0,0,2,3,1,2
CIALITOS,98127,1220,SHTA,SCMO,6,0,MG,S,0,0,3,3,1.5,2
CIALITOS,98127,1250,PRBU,GUGU,1,0,R,0,0,0,2,2,0.5,2
CIALITOS,98127,104,SHTA,CESC,0,0,0,0,0,0,3,3,0.5,2
CIALITOS,98127,115,SHTA,COSU,1,0,MG,0,0,0,3,3,0.5,0
CIALITOS,98127,130,SHTA,COSU,2,0,MG,C,0,0,2,2,1,1
CIALITOS,98127,137,SHTA,COSU,5,0,MG,FU,0,2,2,2,0.5,1
CIALITOS,98130,835,ANEU,PH SP.,7,0,M,AB,0,0,2,2,1,0
CIALITOS,98130,937,ANEU,PH SP.,8,0,M,AB,0,0,2,2,1.5,1
CIALITOS,98202,749,SHTA,COSU,3,0,MG,0,0,0,2,2,1,2
CIALITOS,98202,804,SHTA,COSU,1,0,MG,S,0,0,2,2,0.5,2
CIALITOS,98202,804,SHTA,COSU,2,0,MG,S,0,1,2,2,0.5,2
CIALITOS,98202,805,SHTA,ANIN,1,3,P,F,0,0,3,3,5,0
CIALITOS,98202,819,SHTA,CESC,2,3,MG,AB,0,0,3,3,1,2
CIALITOS,98202,831,SHTA,PH SP.,4,0,MG,F,0,0,2,1,1,1
CIALITOS,98202,831,SHTA,PH SP.,0,0,0,0,0,0,2,1,0,0
CIALITOS,98202,831,SHTA,PH SP.,0,0,0,0,0,0,2,1,0,0
CIALITOS,98202,833,SHTA,SCMO,0,0,0,0,0,0,3,3,0,0
CIALITOS,98202,920,SHTA,SCMO,4,0,MG,S,0,0,2,3,0.5,1
CIALITOS,98202,920,SHTA,SCMO,2,0,MG,S,0,1,2,3,0.5,1
CIALITOS,98202,923,SHTA,PH SP.,14,0,M,S,0,0,2,1,1.5,1
CIALITOS,98202,1012,ANEU,PH SP.,4,0,M,S,0,0,2,1,1,2
CIALITOS,98202,1012,ANEU,PH SP.,34,0,M,S,0,0,2,1,1,2
CIALITOS,98202,1038,PRTA,CESC,3,5,MG,S,0,2,3,3,0.5,2
CIALITOS,98202,1038,PRTA,CESC,1,2,MG,S,0,0,3,3,1,2
CIALITOS,98202,1040,PRBU,PH SP.,0,0,0,0,0,0,3,3,0,0
CIALITOS,98202,1041,SHTA,CESC,0,0,0,0,0,0,3,3,2,3
CIALITOS,98202,1041,SHTA,CESC,0,0,0,0,0,0,3,3,2,3
CIALITOS,98202,1044,PRBU,CESC,2,2,MG,0,0,1,3,3,1,0
CIALITOS,98202,1105,SHTA,PH SP.,3,0,MG,0,0,0,3,1,1,1
CIALITOS,98202,1109,SHTA,SCMO,8,0,MG,S,0,0,3,3,2.5,0
CIALITOS,98202,1109,GRKI,SCMO,3,0,G,F,0,0,3,3,2,2
CIALITOS,98202,1225,BWVI,GUGU,3,3,G,F,0,1,3,3,0.5,3
CIALITOS,98202,1226,BWVI,GUGU,2,2,G,0,0,0,3,3,0.5,3
CIALITOS,98202,1227,PRBU,GUGU,0,0,0,0,0,0,3,2,3,0
CIALITOS,98202,1232,YTVI,GUGU,2,2,G,S,0,0,3,2,0.5,2
CIALITOS,98202,1233,BWVI,GUGU,2,0,F,0,0,0,3,2,0.5,2
CIALITOS,98202,1253,SHTA,COSU,0,0,0,0,0,0,3,3,1.5,0
CIALITOS,98205,918,PRTA,INVE,0,5,P,S,0,0,3,2,1,1
CIALITOS,98205,921,PRTA,INVE,1,11,M,S,0,0,2,3,1.5,1
CIALITOS,98205,922,PRTA,PH SP.,22,22,MG,S,0,0,2,2,6.5,0
CIALITOS,98205,1022,YTVI,PH SP.,0,0,0,0,0,0,3,2,0,1
CIALITOS,98205,1025,SHTA,COSU,0,0,0,0,0,0,2,2,0,1
CIALITOS,98205,1055,PRTA,INVE,0,1,P,S,0,0,2,2,0.5,1
CIALITOS,98205,1132,SHTA,SCMO,9,9,MG,AB,0,1,3,3,2.5,2
CIALITOS,98205,1201,GRKI,SCMO,3,3,MG,F,0,0,3,3,1,0
CIALITOS,98205,1201,GRKI,SCMO,1,1,G,F,0,0,3,3,2,0
CIALITOS,98205,1220,ANEU,PH SP.,12,12,M,AB,0,10,2,2,1.5,2
CIALITOS,98205,1220,ANEU,PH SP.,1,1,M,0,0,1,2,2,0.5,3
CIALITOS,98205,1232,ANEU,PH SP.,28,28,M,AB,0,25,2,2,4,3
CIALITOS,98206,720,SHTA,SCMO,4,5,MG,S,0,0,3,3,1.5,1
CIALITOS,98206,748,LGKI,SCMO,2,0,G,FU,0,0,3,3,0.5,3
CIALITOS,98206,805,SHTA,COSU,2,0,MG,AB,1,0,1,3,1,1
CIALITOS,98206,817,SHTA,COSU,9,0,MG,AB,5,0,2,3,1.5,1
CIALITOS,98206,830,PRTA,MUAC,1,9,M,S,0,0,1,1,0.5,1
CIALITOS,98206,831,PRTA,MUAC,1,6,M,S,0,0,1,1,0.5,1
CIALITOS,98206,840,SHTA,SCMO,5,0,MG,S,0,0,3,3,0.5,1
CIALITOS,98206,1027,SHTA,SCMO,5,0,MG,AB,0,0,3,3,2.5,0
CIALITOS,98206,1032,PRBU,COAR,1,5,P,S,0,0,1,2,1,1
CIALITOS,98206,1038,SHTA,PH SP.,0,0,0,0,0,0,3,1,0.5,1
CIALITOS,98206,1055,SHTA,PH SP.,0,0,0,0,0,0,3,1,1,1
CIALITOS,98206,1128,PRTA,PSGR,9,0,MG,S,0,0,1,3,0.5,1
CIALITOS,98206,1219,SHTA,COSU,9,0,MG,S,0,0,2,3,1.5,1
CIALITOS,98212,729,SHTA,SCMO,3,0,MG,AR,0,0,3,3,1.5,0
CIALITOS,98212,737,ANEU,PH SP.,3,0,MG,AR,0,0,3,3,1,3
CIALITOS,98212,738,ANEU,PH SP.,21,0,MG,S,0,0,3,3,0.5,3
CIALITOS,98212,802,PRTA,MICONIA SP.,2,0,MG,S,0,0,1,3,0.5,1
CIALITOS,98212,802,PRTA,MICONIA SP.,1,0,MG,S,0,0,1,3,0.5,1
CIALITOS,98212,817,SHTA,SCMO,3,2,MG,S,0,0,2,3,0.5,1
CIALITOS,98212,818,SHTA,SCMO,1,0,MG,F,0,0,2,3,0.5,1
CIALITOS,98212,818,SHTA,SCMO,1,0,MG,S,0,0,2,3,0.5,1
CIALITOS,98212,837,ANEU,PH SP.,15,0,MG,S,0,0,2,1,0.5,2
CIALITOS,98212,855,PRTA,INVE,1,48,P,S,0,0,2,2,5,2
CIALITOS,98212,910,SHTA,COSU,6,0,MG,S,0,1,2,3,0.5,1
CIALITOS,98212,910,SHTA,COSU,3,0,MG,S,0,0,2,3,0.5,1
CIALITOS,98212,1007,SHTA,SCMO,0,0,0,0,0,0,3,3,0.5,1
CIALITOS,98212,1016,SHTA,SCMO,2,4,MG,S,0,0,3,3,1,2
CIALITOS,98212,1030,SHTA,COSU,7,0,MG,S,0,0,2,3,1.5,1
CIALITOS,98212,1032,SHTA,COSU,2,0,MG,S,0,0,2,3,0.5,1
CIALITOS,98212,1034,ANEU,PH SP.,7,0,MG,S,0,0,1,2,0.5,0
CIALITOS,98212,1040,SHTA,COSU,2,0,MG,S,0,0,2,3,0.5,2
CIALITOS,98212,1122,SHTA,CESC,0,0,0,0,0,0,3,3,1.5,1
CIALITOS,98212,1131,PRTA,PH SP.,7,0,M,S,0,0,2,2,0.5,1
CIALITOS,98212,1131,PRTA,PH SP.,2,0,M,S,0,0,2,2,0.5,1
CIALITOS,98212,1141,SHTA,CESC,1,1,MG,F,0,0,3,3,1,1
CIALITOS,98212,1145,SHTA,CESC,1,1,MG,S,0,0,3,3,2,1
CIALITOS,98212,1200,SHTA,MUAC,1,2,P,S,0,0,1,1,0.5,1
CIALITOS,98212,1216,BWVI,GUGU,1,1,G,AR,0,0,3,3,0.5,1
CIALITOS,98212,1221,BWVI,GUGU,1,1,G,S,0,0,3,3,0.5,1
CIALITOS,98212,1221,BWVI,GUGU,1,1,G,F,0,0,3,3,0.5,1
CIALITOS,98212,1228,PRBU,GUGU,7,10,M,S,4,0,3,2,4,1
CIALITOS,98212,1229,BWVI,GUGU,1,1,G,S,0,0,3,2,0.5,1
CIALITOS,98212,1230,PETH,GUGU,0,0,0,0,0,0,2,2,3,2
CIALITOS,98212,1234,BWVI,GUGU,2,2,G,S,0,0,3,3,0.5,1
CIALITOS,98212,1235,SHTA,CESC,2,4,MG,S,0,0,3,3,1,1
CIALITOS,98217,820,PRTA,SCMO,2,2,G,S,0,0,3,3,0,2
CIALITOS,98217,823,PRTA,SCMO,0,0,0,S,0,0,3,3,0,0
CIALITOS,98217,823,PRTA,SCMO,0,0,0,0,0,0,3,3,0,0
CIALITOS,98217,858,PRTA,INVE,3,16,G,S,2,0,3,3,6,2
CIALITOS,98217,858,PRTA,INVE,3,8,G,S,1,0,3,3,7,2
CIALITOS,98217,902,PRTA,BROMELIA,0,7,G,AB,0,0,2,1,4,2
CIALITOS,98217,920,PRTA,BROMELIA,0,2,P,AB,0,0,2,1,1.5,0
CIALITOS,98217,920,PRTA,BROMELIA,0,0,0,AB,0,0,3,1,0.5,0
CIALITOS,98217,1020,BWVI,COAR,1,0,O,0,1,0,1,2,0,0
CIALITOS,98217,1100,PRTA,INVE,2,3,G,S,0,0,3,2,1,2
CIALITOS,98217,1100,PRTA,INVE,1,1,G,S,0,0,3,2,0.5,0
CIALITOS,98223,925,BWVI,GUGU,1,1,G,S,0,0,3,3,0.5,1
CIALITOS,98223,1045,PRBU,MUAC,1,15,P,S,0,0,1,1,1,2
CIALITOS,98223,1201,SHTA,CESC,1,11,MG,S,0,0,3,3,0.5,1
CIALITOS,98223,1203,SHTA,CESC,1,3,MG,S,0,0,3,3,1,1
CIALITOS,98223,1205,SHTA,CESC,1,7,MG,S,0,0,3,3,1,1
CIALITOS,98223,1212,SHTA,CESC,1,1,MG,S,0,0,3,3,1.5,1
CIALITOS,98223,1215,PRTA,CESC,1,5,MG,AB,0,0,2,3,0.5,1
CIALITOS,98223,1238,SHTA,CESC,1,4,MG,AB,0,0,2,3,0.5,1
CIALITOS,98226,754,SHTA,COSU,4,4,MG,AB,0,0,2,2,4,1
CIALITOS,98226,756,SHTA,COSU,3,3,MG,S,0,0,2,2,4,1
CIALITOS,98226,758,ANEU,PH SP.,2,2,MG,S,0,0,3,2,0,1
CIALITOS,98226,759,SHTA,COSU,2,2,MG,S,0,0,2,1,0.5,3
CIALITOS,98226,810,ANEU,PH SP.,10,10,G,S,0,0,3,2,1,1
CIALITOS,98226,818,PRBU,BUCA,2,2,P,S,0,0,2,2,0,3
CIALITOS,98226,820,SHTA,COSU,2,2,MG,S,0,0,2,1,0,3
CIALITOS,98226,820,BWVI,BUCA,2,2,0,S,0,0,2,2,1.5,1
CIALITOS,98226,839,BWVI,SCMO,0,0,0,0,0,0,3,3,0.5,1
CIALITOS,98226,1015,ANEU,PH SP.,0,0,MG,S,0,0,2,2,0,2
CIALITOS,98226,1024,ANEU,PH SP.,17,17,MG,S,0,4,2,2,1.5,3
CIALITOS,98226,1025,PRBU,PH SP.,2,2,MG,S,0,0,2,2,5,3
CIALITOS,98226,1111,BWVI,GUGU,1,1,0,AR,0,0,2,2,0,2
CIALITOS,98226,1124,BWVI,FICUS SP.,1,1,G,S,0,0,2,2,0,1
CIALITOS,98226,1126,PRBU,GUGU,2,8,M,AB,0,0,1,2,4,0
CIALITOS,98226,1128,SHTA,FICUS SP.,1,1,0,S,0,0,2,1,0,1
CIALITOS,98227,739,SHTA,INVE,1,17,P,FU,0,0,3,2,1.5,1
CIALITOS,98227,830,PRBU,MUAC,2,7,P,AB,0,0,1,1,0.5,1
CIALITOS,98227,840,ANEU,PH SP.,5,0,M,S,0,5,2,3,3,2
CIALITOS,98227,853,SHTA,FICUS SP.,3,0,MG,S,0,0,3,3,0.5,2
CIALITOS,98227,1054,PRTA,GUGU,2,15,P,AB,2,0,2,2,2,1
CIALITOS,98227,1110,SHTA,COSU,6,0,MG,S,0,2,3,3,1,1
CIALITOS,98227,1114,SHTA,COSU,1,0,MG,FU,0,0,3,3,1.5,1
CIALITOS,98227,1145,PRTA,GUGU,1,1,P,S,1,0,1,2,0,1
CIALITOS,98227,1153,SHTA,COSU,7,0,MG,S,0,1,2,3,2,1
CIALITOS,98227,1155,SHTA,COSU,1,0,MG,S,0,0,3,3,1,0
CIALITOS,98227,1200,SHTA,CESC,1,1,MG,S,0,0,3,3,0.5,3
CIALITOS,98227,1207,SHTA,SCMO,4,0,MG,AB,0,0,3,3,3,2
CIALITOS,98227,1209,SHTA,CISSUS SP.,1,1,P,S,0,0,2,2,7,0
CIALITOS,98227,,PRTA,MYCO,5,0,MG,0,0,0,0,0,0,0
CIALITOS,98227,,BWVI,MYCO,5,0,G,0,0,0,0,0,0,0
CIALITOS,98306,742,BWVI,CESC,1,1,P,0,0,0,3,3,0.5,0
CIALITOS,98306,856,PRBU,GUGU,1,1,R,0,1,0,3,2,0.5,0
CIALITOS,98306,1026,ANEU,PH SP.,27,0,MG,AB,0,0,3,1,3,3
CIALITOS,98306,1028,ANEU,PH SP.,1,0,MG,AB,0,0,3,1,1,3
CIALITOS,98306,1101,PRBU,CESC,1,2,MG,AB,0,0,2,3,1,1
CIALITOS,98306,1109,SHTA,COSU,0,0,0,0,0,0,2,3,0,0
CIALITOS,98306,1114,SHTA,COSU,0,0,0,0,0,0,2,3,0,0
CIALITOS,98306,1148,PRTA,SCMO,1,0,MG,S,0,0,3,3,1,1
CIALITOS,98306,1150,SHTA,SCMO,3,0,MG,0,0,0,3,3,0.5,1
CIALITOS,98306,1202,ANEU,PH SP.,25,0,MG,0,20,0,3,2,2.5,3
CIALITOS,98306,1249,SHTA,FICUS SP.,1,0,MG,S,0,0,3,3,3,1
CIALITOS,98306,1250,SHTA,FICUS SP.,2,0,MG,S,0,0,3,3,2,1
CIALITOS,98306,1252,PETH,FICUS SP.,1,0,MG,S,0,0,2,2,0.5,1
CIALITOS,98306,100,SHTA,INVE,1,5,P,S,0,0,3,3,1,2
CIALITOS,98306,142,PRTA,FICUS SP.,1,0,MG,0,0,0,2,2,1,1
CIALITOS,98306,144,SHTA,FICUS SP.,3,0,MG,S,0,0,2,3,1,1
CIALITOS,98310,729,ANEU,PH SP.,4,4,M,S,0,4,3,2,2.5,0
CIALITOS,98310,736,ANEU,PH SP.,5,5,M,S,0,4,3,2,2,0
CIALITOS,98310,858,ANEU,PH SP.,3,3,M,AB,0,2,2,2,1,2
CIALITOS,98310,1013,SHTA,FICUS SP.,2,2,MG,F,0,0,3,2,10,1
CIALITOS,98310,1017,SHTA,FICUS SP.,2,2,MG,F,0,0,3,3,0.5,3
CIALITOS,98310,1018,SHTA,FICUS SP.,1,1,MG,F,0,0,3,2,8,1
CIALITOS,98310,1045,SHTA,FICUS SP.,2,8,MG,S,9,0,3,2,1,2
CIALITOS,98310,1125,BWVI,GUGU,1,1,0,S,0,0,2,2,1,2
CIALITOS,98310,1205,PRTA,GUGU,1,3,M,S,0,0,2,2,0.5,2
CIALITOS,98313,740,PRTA,CESC,2,6,MG,S,0,0,2,3,1,1
CIALITOS,98313,810,PRBU,CESC,1,8,M,AB,0,0,3,3,1.5,1
CIALITOS,98313,822,ANEU,PH SP.,10,0,MG,S,0,0,2,3,1,1
CIALITOS,98313,838,SHTA,CESC,1,8,MG,S,0,0,3,3,0.5,1
CIALITOS,98313,841,PRTA,MYCO,4,0,MG,S,0,0,1,2,1,3
CIALITOS,98313,913,SHTA,CESC,2,4,MG,S,0,0,3,3,0.5,1
CIALITOS,98313,1050,ANEU,PH SP.,6,0,MG,0,0,1,3,2,0.5,0
CIALITOS,98313,1216,SHTA,SCMO,1,0,MG,S,0,0,3,3,0.5,1
CIALITOS,98317,820,CMWA,CESC,3,62,MG,S,0,0,3,2,3.5,3
CIALITOS,98317,843,BANA,CESC,2,2,MG,S,0,0,3,2,0.5,3
CIALITOS,98317,920,ANEU,SCMO,0,7,0,S,0,0,3,3,2,3
CIALITOS,98317,925,PRBU,ALLA,26,26,G,FU,0,0,2,1,2.5,3
CIALITOS,98317,1010,SHTA,CESC,3,8,MG,AB,0,0,3,2,1,1
CIALITOS,98317,1015,PRTA,CESC,1,5,MG,S,0,0,3,2,0.5,0
CIALITOS,98317,1017,BANA,CESC,1,8,MG,S,0,0,3,2,0.5,0
CIALITOS,98317,1039,CMWA,SCMO,3,3,MG,S,0,0,3,3,0.5,2
CIALITOS,98327,830,SNPI,SCMO,11,0,G,S,0,0,3,3,3,3
CIALITOS,98327,855,PETH,SCMO,8,0,G,S,0,0,3,3,2,1
CIALITOS,98327,916,GRKI,SCMO,3,0,G,S,0,0,3,3,0.5,2
CIALITOS,98327,918,SHTA,SCMO,3,0,MG,S,0,0,3,3,0.5,1
CIALITOS,98327,924,PRTA,CISSUS SP.,1,17,P,S,0,0,2,2,1,1
CIALITOS,98327,928,ANEU,PH SP.,35,0,MG,S,0,0,2,1,3,1
CIALITOS,98327,928,ANEU,PH SP.,35,0,MG,S,0,0,2,1,3,1
CIALITOS,98327,928,ANEU,PH SP.,35,0,MG,S,0,0,2,1,3,1
CIALITOS,98327,937,BWVI,SCMO,2,0,MG,S,0,1,3,3,0.5,1
CIALITOS,98327,940,SHTA,SCMO,3,0,MG,S,0,0,3,3,0.5,1
CIALITOS,98327,945,PRTA,CAAR,9,0,MG,S,0,0,3,3,1,1
CIALITOS,98327,1055,CMWA,CESC,3,46,P,AB,0,0,2,3,2,1
CIALITOS,98327,1109,SHTA,SCMO,2,0,MG,S,0,0,3,3,0.5,1
CIALITOS,98327,1150,ANEU,PH SP.,25,0,MG,AB,0,0,2,2,1,1
CIALITOS,98328,925,SHTA,CESC,1,1,MG,S,0,0,3,2,0.5,3
CIALITOS,98328,925,SHTA,CESC,1,3,MG,S,0,0,3,2,1,3
CIALITOS,98328,955,PRBU,CESC,1,4,MG,S,0,0,2,2,1,1
CIALITOS,98328,1037,PRBU,GUGU,1,8,M,S,1,0,2,2,1.5,2
CIALITOS,98331,745,SHTA,SCMO,0,0,MG,S,0,0,3,3,0.5,1
CIALITOS,98331,804,PRTA,GUGU,0,0,0,0,0,0,2,2,1,2
CIALITOS,98331,828,SHTA,INVE,1,5,M,S,0,0,1,2,1,3
CIALITOS,98331,839,BTBW,CESC,3,6,MG,AR,0,0,3,1,1.5,3
CIALITOS,98331,916,PRBU,PH SP.,3,3,MG,S,0,0,2,2,0.5,1
CIALITOS,98331,1130,SHTA,CESC,1,3,MG,S,0,0,2,2,1.5,0
CIALITOS,98331,1132,CMWA,CESC,1,40,MG,S,0,0,2,2,2,0
CIALITOS,98331,1,PRWO,CESC,1,9,MG,S,0,0,2,2,1.5,1
CIALITOS,98331,1200,PRBU,ALLA,0,0,0,S,0,0,2,2,1,3
CIALITOS,98331,1226,SHTA,SCMO,1,1,0,S,0,1,3,1,1,1
CIALITOS,98403,737,PRBU,MYCO,2,0,MG,S,0,0,2,3,0.5,2
CIALITOS,98403,750,SHTA,MICONIA SP.,0,0,0,0,0,0,2,3,0.5,1
CIALITOS,98403,755,PRTA,MICONIA SP.,10,0,MG,AB,0,1,2,3,0.5,1
CIALITOS,98403,755,PRTA,MICONIA SP.,0,0,0,0,0,0,2,3,0.5,1
CIALITOS,98403,838,PRTA,MUAC,1,10,M,S,0,0,1,1,0.5,3
CIALITOS,98403,844,SHTA,SCMO,1,0,MG,S,0,0,3,3,0.5,1
CIALITOS,98403,857,SHTA,CESC,1,7,MG,AB,0,0,3,3,1,1
CIALITOS,98403,914,PRTA,MICONIA SP.,0,0,0,0,0,0,2,3,0.5,1
CIALITOS,98403,1004,SHTA,CESC,1,4,MG,AB,0,0,3,3,0.5,1
CIALITOS,98403,1016,SHTA,SCMO,8,0,MG,S,0,0,3,3,0.5,1
CIALITOS,98403,1017,SHTA,SCMO,3,0,MG,AB,0,0,3,3,0.5,1
CIALITOS,98403,1022,BWVI,CESC,1,1,G,S,0,0,2,3,0.5,1
CIALITOS,98403,1037,PRTA,CESC,3,4,MG,AB,0,0,2,3,0.5,1
CIALITOS,98403,1043,BANA,PH SP.,4,6,M,AB,0,0,3,1,0.5,1
CIALITOS,98403,1103,SHTA,CESC,1,11,MG,AB,0,0,3,3,0.5,1
CIALITOS,98407,911,PRBU,SCMO,0,0,0,S,0,0,3,3,1,1
CIALITOS,98407,1018,SHTA,CAAR,3,3,0,S,0,0,2,2,1,1
CIALITOS,98407,1030,BWVI,SCMO,1,1,M,F,0,0,3,3,1,3
CIALITOS,98414,745,PRTA,FICUS SP.,2,2,MG,S,0,0,2,2,1,2
CIALITOS,98414,747,SHTA,FICUS SP.,1,1,MG,S,0,0,2,2,0.5,2
CIALITOS,98414,749,SHTA,FICUS SP.,2,2,MG,S,0,0,2,2,2,2
CIALITOS,98414,804,SHTA,SCMO,1,1,MG,S,0,0,3,2,1,2
CIALITOS,98414,806,SHTA,SCMO,3,3,MG,S,0,0,3,2,2,1
CIALITOS,98414,817,PRTA,FICUS SP.,3,3,MG,S,0,1.3,2,2,0.5,2
CIALITOS,98414,827,PRTA,BEJUCO,1,1,0,C,0,0,1,3,0.5,3
CIALITOS,98414,1040,PRBU,ZAMA,1,1,MG,S,0,0,20,2,1,1
CIALITOS,98421,800,SHTA,SCMO,0,0,MG,S,0,0,3,2,1,2
CIALITOS,98421,836,ANEU,PH SP.,3,3,M,S,0,0,3,2,0.5,3
CIALITOS,98424,730,SHTA,FICUS SP.,0,0,0,0,0,0,2,2,0.5,2
CIALITOS,98424,747,SHTA,FICUS SP.,3,0,MG,S,0,0,2,2,1,2
CIALITOS,98424,747,SHTA,FICUS SP.,0,0,0,0,0,0,2,2,1,2
CIALITOS,98424,750,SHTA,SCMO,4,0,MG,FU,0,0,3,3,1.5,1
CIALITOS,98424,757,PRBU,ALLA,6,20,M,AB,0,0,3,2,2,1
CIALITOS,98424,759,PRBU,ALLA,2,4,M,S,0,0,3,2,1,1
CIALITOS,98424,855,BWVI,PH SP.,1,0,G,F,0,0,2,2,0.5,1
CIALITOS,98424,856,PRBU,GUGU,1,3,"P,R",S,0,0,2,2,1,1
CIALITOS,98424,1031,SHTA,CESC,0,0,0,0,0,0,3,3,0.5,0
CIALITOS,98424,1109,PRBU,MUAC,1,6,P,S,0,0,1,1,0.5,1
CIALITOS,98424,1140,PRTA,GUGU,2,2,"P,R",S,2,0,2,2,1.5,1
CIALITOS,98424,1150,PRBU,CESC,1,1,MG,S,0,0,2,3,0.5,2
CIALITOS,98424,1203,SHTA,CESC,2,9,MG,S,0,0,3,3,3,1
CIALITOS,98424,1206,PRWO,CESC,1,5,MG,S,0,0,3,2,1,2
CIALITOS,98424,1219,PRBU,GUGU,2,3,P,S,0,0,2,2,0.5,2
CIALITOS,98428,754,PRBU,GUGU,1,1,R,S,1,0,2,2,0.5,1
CIALITOS,98428,843,SHTA,SCMO,1,1,MG,S,0,0,3,3,1.5,1
CIALITOS,98428,854,ANEU,PH SP.,73,73,M,AB,73,0,2,2,4.5,1
CIALITOS,98428,854,ANEU,PH SP.,62,62,M,AB,62,0,2,2,4,1
CIALITOS,98428,855,ANEU,PH SP.,35,35,M,S,35,0,2,2,3,1
CIALITOS,98428,856,ANEU,PH SP.,27,27,M,S,27,0,2,2,2,1
CIALITOS,98428,950,SHTA,PH SP.,0,0,0,S,0,0,2,2,1,2
CIALITOS,98428,1023,SHTA,SCMO,2,2,MG,S,0,0,3,2,1.5,2
CIALITOS,98428,1023,SHTA,SCMO,0,0,0,S,0,0,3,2,1.5,3
CIALITOS,98428,1148,SHTA,SCMO,2,2,MG,S,0,0,3,2,2,1
CIALITOS,98430,726,SNPI,SCMO,0,0,0,0,0,0,3,3,0.5,0
CIALITOS,98430,749,PRBU,MUAC,1,0,0,0,0,0,1,1,0.5,1
CIALITOS,98430,804,SNPI,SCMO,10,0,G,S,0,0,3,3,9,3
CIALITOS,98430,836,PRBU,GUGU,0,0,0,0,0,0,3,2,0,2
CIALITOS,98430,839,BWVI,GUGU,1,1,P,S,0,0,3,3,0.5,1
CIALITOS,98430,844,SHTA,SCMO,3,0,MG,0,0,0,3,3,0.5,1
CIALITOS,98430,845,SHTA,SCMO,0,0,0,0,0,0,3,3,3,1
CIALITOS,98430,914,PRBU,GUGU,0,0,0,0,0,0,2,3,1,0
CIALITOS,98430,1023,BFGR,PI SP.,9,0,M,S,0,0,2,2,1.5,3
CIALITOS,98430,1048,BWVI,CLRO,1,3,G,AR,0,0,3,3,1,0
CIALITOS,98430,1049,BWVI,CLRO,1,0,0,0,0,0,3,3,0.5,0
CIALITOS,98430,1058,SHTA,SCMO,3,0,0,0,0,0,3,3,1,2
CIALITOS,98430,1058,SHTA,SCMO,0,0,0,0,0,0,3,3,1,2
CIALITOS,98430,1107,BWVI,CLRO,1,8,P,F,0,0,3,2,3.5,2
CIALITOS,98430,1117,BWVI,CLRO,0,0,0,0,0,0,3,3,0,0
CIALITOS,98430,1117,BWVI,CLRO,0,0,0,0,0,0,3,3,0,0
CIALITOS,98430,1119,PRBU,PH SP.,0,0,0,0,0,0,0,0,0,0
CIALITOS,98430,1120,PRBU,SYJA,0,0,0,0,0,0,0,0,0,0
CIALITOS,98430,1134,PRWO,CLRO,0,0,0,0,0,0,3,2,4,2
CIALITOS,98430,1134,PRWO,CLRO,1,16,G,AR,0,0,3,2,4,2
CIALITOS,98430,1204,PRBU,GUGU,1,0,0,0,1,0,0,0,0,0
CIALITOS,98505,805,PRBU,SYJA,3,13,M,S,0,2,2,2,1,2
CIALITOS,98505,903,SHTA,SCMO,1,1,MG,S,0,0,3,2,0.5,2
CIALITOS,98505,1037,SHTA,SCMO,5,5,MG,S,0,0,3,2,2,3
CIALITOS,98505,1059,BWVI,ANIN,0,0,0,0,1,0,2,2,1,1
CIALITOS,98507,752,PRBU,PACR,2,0,MG,FU,0,0,1,3,0.5,1
CIALITOS,98507,1022,BWVI,GUGU,1,1,G,S,0,0,2,3,0.5,1
CIALITOS,98507,1037,PRBU,ALLA,7,10,M,FU,0,0,2,2,3,1
CIALITOS,98507,1046,SHTA,SCMO,3,0,MG,S,0,0,3,3,0.5,1
CIALITOS,98507,1046,SHTA,SCMO,1,0,MG,S,0,0,3,3,0.5,1
CIALITOS,98507,1055,PRBU,ALLA,0,0,0,0,0,0,2,2,1,0
CIALITOS,98507,1130,SHTA,SCMO,5,0,MG,FU,0,0,3,3,1,1
CIALITOS,98507,1133,PRBU,ALLA,0,0,0,0,0,0,2,2,0.5,2
CIALITOS,98507,1202,SHTA,SCMO,0,0,0,0,0,0,3,3,1,0
CIALITOS,98507,1202,SHTA,SCMO,0,0,0,0,0,0,3,3,1,0
CIALITOS,98512,844,PRBU,PH SP.,5,5,MG,S,0,0,2,2,0.5,1
CIALITOS,98512,1138,PRTA,SYJA,1,5,M,S,0,0,2,2,0.5,2
CIALITOS,98518,937,SNPI,SCMO,0,0,0,0,0,0,3,3,0,3
CIALITOS,98518,1036,ANEU,PH SP.,0,0,0,0,0,0,3,3,7,0
CIALITOS,98518,1051,PRBU,PH SP.,0,0,0,0,0,0,2,3,1,2
CIALITOS,98518,1107,PRBU,PH SP.,3,0,MG,C,0,0,2,3,1,1
CIALITOS,98518,1117,SHTA,SCMO,0,0,0,0,0,0,3,3,1,2
CIALITOS,98518,1121,SNPI,SCMO,0,0,0,0,0,0,3,3,2,3
CIALITOS,98518,1138,PRTA,MICONIA SP.,2,0,MG,F,0,0,1,3,0.5,1
CIALITOS,98518,1149,PRTA,MICONIA SP.,1,0,MG,0,0,0,1,2,0.5,1
CIALITOS,98518,1149,PRTA,MICONIA SP.,1,0,G,S,0,0,1,3,0.5,1
CIALITOS,98518,1213,PRTA,MICONIA SP.,2,0,MG,F,0,0,2,2,0.5,1
CIALITOS,98526,920,PRBU,ALLA,0,0,0,S,0,2,2,1,1,3
CIALITOS,98526,1050,SHTA,CESC,1,5,MG,S,0,0,3,2,3,3
CIALITOS,98526,1119,PRBU,GUGU,1,13,M,S,3,0,2,2,1,3
CIALITOS,98531,735,ANEU,PH SP.,14,0,MG,S,0,0,3,1,1.5,1
CIALITOS,98531,740,ANEU,PH SP.,0,0,0,0,0,0,3,1,1,1
CIALITOS,98531,740,ANEU,PH SP.,0,0,0,0,0,0,3,1,1,1
CIALITOS,98531,740,ANEU,PH SP.,0,0,0,0,0,0,3,1,1,1
CIALITOS,98531,904,SHTA,SCMO,0,0,0,0,0,0,3,3,1,0
CIALITOS,98531,926,PRBU,CESC,2,14,MG,AB,0,0,3,3,2,1
CIALITOS,98531,933,SHTA,CESC,2,13,MG,FU,0,0,3,3,6,1
CIALITOS,98602,1042,PRBU,SYJA,1,51,M,AB,1,0.6,2,2,2.5,3
CIALITOS,98608,1227,ANEU,HEFA,4,0,MG,S,0,1,2,2,1,1
CIALITOS,98608,1246,BWVI,ALLA,1,0,G,S,0,0,3,2,1,3
CIALITOS,98608,140,BCOR,CLRO,1,1,G,0,1,0,3,2,0.5,3
CIALITOS,98608,238,BWVI,INVE,0,0,0,0,0,0,2,2,0,0
CIALITOS,98608,254,SHTA,FICUS SP.,1,5,G,AR,0,0,2,2,1,1
CIALITOS,98608,255,SHTA,FICUS SP.,2,3,MG,AB,0,0,2,2,0.5,1
CIALITOS,98608,256,PRTA,FICUS SP.,0,0,0,0,0,0,2,2,2,1
CIALITOS,98608,307,SHTA,FICUS SP.,1,0,MG,S,0,0,2,2,0.5,3
CIALITOS,98608,400,PRBU,MICONIA SP.,0,0,0,0,0,0,1,3,0.5,1
CIALITOS,98609,717,BWVI,ALLA,1,1,G,F,0,0,2,2,1,3
CIALITOS,98609,725,SHTA,ALLA,2,2,MG,S,0,0,2,2,1,3
CIALITOS,98609,808,ANEU,PH SP.,21,21,M,AB,21,0,1,2,20,1
CIALITOS,98609,818,ANEU,PH SP.,27,27,M,AB,27,0,1,2,3,3
CIALITOS,98609,916,PRBU,GUGU,1,2,M,S,0,0,1,1,0.5,3
CIALITOS,98609,1137,PRBU,DEBI,2,7,R,S,2,0,3,2,2,3
CIALITOS,98609,1222,SHTA,SCMO,3,5,MG,AR,0,1,2,3,0.5,1
CIALITOS,98616,730,ANEU,PH SP.,12,0,MG,S,12,0,1,3,4,1
CIALITOS,98616,730,ANEU,PH SP.,3,0,MG,S,3,0,1,3,4,1
CIALITOS,98616,730,ANEU,PH SP.,1,0,MG,S,1,0,1,3,4,1
CIALITOS,98616,730,ANEU,PH SP.,0,0,0,0,0,0,1,3,4,1
CIALITOS,98616,730,ANEU,PH SP.,0,0,0,0,0,0,1,3,4,1
CIALITOS,98616,736,PETH,CESC,1,2,G,S,0,0,2,3,0.5,0
CIALITOS,98616,805,SHTA,SCMO,1,0,MG,S,0,0,3,3,1,1
CIALITOS,98616,1059,PETH,SORU,1,0,G,AR,0,0,1,3,0.5,1
CIALITOS,98616,1208,PRTA,MICONIA SP.,0,0,0,0,0,0,1,3,0.5,1
CIALITOS,98616,1214,SHTA,FICUS SP.,2,11,MG,S,0,0,3,3,1.5,1
CIALITOS,98616,1214,SHTA,FICUS SP.,0,0,0,0,0,0,3,3,1,1
CIALITOS,98623,735,ANEU,PH SP.,2,0,MG,S,2,0,2,1,1,0
CIALITOS,98623,735,ANEU,PH SP.,0,0,0,0,0,0,2,1,1,0
CIALITOS,98623,735,ANEU,PH SP.,0,0,0,0,0,0,2,1,1,0
CIALITOS,98623,746,SHTA,MICONIA SP.,1,0,MG,S,0,0,1,3,1,1
CIALITOS,98623,801,SHTA,MICONIA SP.,2,0,MG,S,0,0,1,3,0.5,1
CIALITOS,98623,801,SHTA,MICONIA SP.,1,0,MG,FU,0,0,1,3,0.5,1
CIALITOS,98623,833,SHTA,ALLA,2,3,M,FU,1,0,3,2,2,3
CIALITOS,98623,833,SHTA,ALLA,0,0,0,0,0,0,3,2,2,3
CIALITOS,98623,917,SHTA,FICUS SP.,2,5,MG,AR,0,0,3,3,1.5,0
CIALITOS,98623,917,SHTA,FICUS SP.,2,0,MG,AB,0,0,3,3,1.5,0
CIALITOS,98623,922,BWVI,ANIN,0,0,0,0,0,0,3,3,0,0
CIALITOS,98623,928,WWDO,ALLA,9,0,G,S,0,0,3,2,15,0
CIALITOS,98623,928,WWDO,ALLA,0,0,0,0,0,0,3,2,15,0
CIALITOS,98623,928,WWDO,ALLA,0,0,0,0,0,0,3,2,15,0
CIALITOS,98623,946,PRTA,MICONIA SP.,1,0,MG,AB,0,0,2,3,0.5,0
CIALITOS,98623,950,PRTA,MICONIA SP.,8,0,MG,FU,0,0,2,3,1,2
CIALITOS,98623,950,PRTA,MICONIA SP.,1,0,MG,S,0,0,2,3,1,2
CIALITOS,98623,952,BWVI,MICONIA SP.,4,0,G,C,0,0,2,3,0.5,2
CIALITOS,98623,1000,SHTA,MICONIA SP.,6,0,MG,FU,0,0,2,3,4,1
CIALITOS,98623,1145,PRTA,MICONIA SP.,3,0,MG,F,0,0,2,3,0.5,1
CIALITOS,98626,650,PRWO,CLRO,1,4,MG,S,0,0,3,2,0.5,2
CIALITOS,98626,655,ANEU,PH SP.,20,20,R,S,20,0,2,2,10,1
CIALITOS,98626,700,GRKI,CLRO,2,4,G,C,0,0,3,3,1.5,3
CIALITOS,98626,724,BWVI,CLRO,1,1,0,F,0,0,3,2,1,3
CIALITOS,98626,724,BWVI,CLRO,1,1,0,0,0,0,3,2,0.5,3
CIALITOS,98626,730,BWVI,CLRO,1,5,G,S,0,0,3,3,1,3
CIALITOS,98626,732,PRFL,CLRO,2,2,G,F,0,0,3,3,2.5,2
CIALITOS,98626,800,PRBU,ALLA,3,3,M,F,0,0,2,0,4,1
CIALITOS,98626,812,WWDO,ALLA,2,2,G,S,0,0,2,1,3,3
CIALITOS,98626,818,PRVI,ALLA,3,3,G,F,1,0,2,2,1,2
CIALITOS,98626,827,PRBU,ALLA,1,1,R,0,0,0,2,2,0.5,3
CIALITOS,98626,829,WWDO,ALLA,1,3,0,C,1,0,2,1,1,1
CIALITOS,98626,852,PRTA,MICONIA SP.,3,3,MG,S,0,0,1,3,0.5,1
CIALITOS,98626,909,ANEU,PH SP.,7,7,R,S,7,0,1,2,1,3
CIALITOS,98626,944,ANEU,PH SP.,10,10,M,AB,10,0,2,2,0.5,3
CIALITOS,98626,959,SHTA,FICUS SP.,2,20,MG,S,0,0,2,2,5,1
CIALITOS,98626,1009,SHTA,FICUS SP.,3,11,MG,AR,0,1,2,2,1,2
CIALITOS,98630,857,PRTA,MICONIA SP.,1,1,MG,F,0,0,1,2,0.5,2
CIALITOS,98630,859,PRBU,ALLA,3,3,MG,AB,3,0,1,2,0.5,3
CIALITOS,98630,1114,ANEU,MICONIA SP.,1,1,c,0,0,0,2,2,0.5,3
CIALITOS,98630,1150,BWVI,ALLA,2,2,G,F,0,0,2,0,1,3
CIALITOS,98630,1151,PRBU,ALLA,2,2,R,S,1,0,2,2,0.5,3
CIALITOS,98706,711,SHTA,SCMO,2,3,MG,FU,0,0,3,3,0.5,2
CIALITOS,98706,818,PRBU,ALLA,1,1,MG,0,0,0,2,3,1,0
CIALITOS,98706,920,PRBU,GUGU,1,1,"P,R",0,1,0,3,2,1,1
CIALITOS,98706,939,PRBU,PSGR,5,0,M,F,0,0,2,3,5,3
CIALITOS,98706,939,PRBU,PSGR,11,0,M,F,0,0,2,3,3,3
CIALITOS,98706,1037,PRTA,MICONIA SP.,2,0,MG,S,0,0,1,3,0.5,1
CIALITOS,98711,720,SHTA,SCMO,2,2,MG,S,0,0,3,3,1.5,1
CIALITOS,98711,741,PRTA,MICONIA SP.,2,2,MG,S,0,0,1,3,0.5,1
CIALITOS,98711,820,PRTO,ALLA,1,3,G,F,1,2,3,2,0.5,1
CIALITOS,98711,930,SHTA,FICUS SP.,6,8,MG,S,0,1,3,2,8,2
CIALITOS,98711,948,ANEU,ANSC,6,6,R,AR,0,0,2,2,2,1
CIALITOS,98711,1013,SHTA,ANSC,2,2,MG,AB,0,0,2,2,0.5,1
CIALITOS,98716,859,PRTA,MICONIA SP.,1,1,MG,F,0,0,1,2,0.5,2
CIALITOS,98716,900,PRTA,MICONIA SP.,2,2,MG,F,0,0,1,2,1,1
CIALITOS,98716,952,ANEU,ANSC,4,4,MG,AB,0,0,2,3,0.5,1
CIALITOS,98716,1008,PRTA,MICONIA SP.,1,3,MG,0,0,0,3,2,0.5,2
CIALITOS,98716,859,PRTA,MICONIA SP.,1,1,MG,F,0,0,1,2,0.5,2
CIALITOS,98716,900,PRTA,MICONIA SP.,2,2,MG,F,0,0,1,2,1,1
CIALITOS,98716,952,ANEU,ANSC,4,4,MG,AB,0,0,2,3,0.5,1
CIALITOS,98716,1008,PRTA,MICONIA SP.,1,3,MG,0,0,0,3,2,0.5,2
CIALITOS,98716,1024,SHTA,MICONIA SP.,0,0,0,0,0,0,2,3,1,2
CIALITOS,98716,1024,SHTA,MICONIA SP.,0,0,0,0,0,0,2,2,1,2
CIALITOS,98727,823,SHTA,FICUS SP.,1,2,MG,E,0,0,3,2,1.5,2
CIALITOS,98727,827,SHTA,FICUS SP.,4,6,MG,E,0,0,3,2,2,1
CIALITOS,98727,1210,SHTA,SCMO,1,1,MG,AB,0,0,3,3,1,3
CIALITOS,98727,1210,SHTA,SCMO,2,2,MG,S,0,0,3,3,0.5,3
CIALITOS,98729,651,SHTA,SCMO,2,0,MG,S,0,0,3,3,0.5,0
CIALITOS,98729,651,SHTA,SCMO,1,0,MG,S,0,0,3,3,0.5,0
CIALITOS,98729,844,SHTA,MICONIA SP.,2,0,MG,FU,0,0,2,3,0.5,1
CIALITOS,98729,858,ANEU,ANSC,14,0,MG,S,0,0,2,1,1.5,1
CIALITOS,98729,906,ANEU,MICONIA SP.,1,3,MG,AB,0,1,1,3,0.5,2
CIALITOS,98729,908,ANEU,ANSC,17,0,MG,S,0,0,2,1,1.5,1
CIALITOS,98729,1031,BWVI,CLRO,1,17,G,C,0,0,3,2,1.5,1
CIALITOS,98729,1031,BWVI,CLRO,1,2,G,C,0,0,3,2,1.5,1
CIALITOS,98729,1139,BWVI,CLRO,1,1,G,C,0,0,3,3,2,1
CIALITOS,98729,1143,PRTA,PH SP.,1,4,G,AB,0,0,3,1,0.5,2
CIALITOS,98730,705,PRTA,DEBI,1,0,RM,0,1,0,2,2,2,3
CIALITOS,98730,811,PRTA,DEBI,2,2,RM,AR,2,0,3,1,2.5,3
CIALITOS,98730,845,PRTA,DEBI,1,1,MG,0,1,0,3,2,1,3
CIALITOS,98730,900,PRBU,ALLA,4,9,MG,AB,1,1,2,2,1.5,1
CIALITOS,98730,1116,ANEU,PH SP.,43,43,MG,AB,0,0,2,2,4,1
CIALITOS,98730,1117,ANEU,PH SP.,27,27,MG,AB,0,0,2,2,3,1
CIALITOS,98730,1133,SHTA,SCMO,2,2,MG,S,0,0,2,2,1,1
CIALITOS,98805,919,SHTA,CESC,2,7,MG,AR,0,0,3,3,1,1
CIALITOS,98805,928,BWVI,CESC,2,3,G,AR,0,0,3,3,1,1
CIALITOS,98805,928,BWVI,CESC,1,7,G,AR,0,0,3,3,1,1
CIALITOS,98805,955,ANEU,ANSC,10,0,MG,S,0,0,2,2,1.5,1
CIALITOS,98805,955,ANEU,ANSC,5,0,MG,S,0,0,2,2,1.5,1
CIALITOS,98805,1023,ANEU,ANSC,2,0,MG,AB,0,0,2,2,1,1
CIALITOS,98805,1136,ANEU,ANSC,3,0,MG,AB,0,0,2,2,0.5,1
CIALITOS,98805,1202,SHTA,DEAR,2,0,MG,S,0,0,3,3,1,1
CIALITOS,98831,750,ANEU,ANSC,2,2,MG,S,0,0,2,2,0.5,2
CIALITOS,98831,830,PRWO,CESC,1,8,MG,AR,0,0,3,1,6,3
CIALITOS,98831,900,SHTA,FICUS SP.,1,1,MG,FU,0,0,2,2,5,1
CIALITOS,98831,906,SHTA,FICUS SP.,1,1,MG,AR,0,0,2,2,3,2
CIALITOS,98831,1005,BANA,SCMO,2,2,P,C,0,0,3,2,0.5,3
CIALITOS,98831,1103,PRTA,CLRO,1,1,MG,F,0,0,3,3,0.5,1
CIALITOS,98901,645,ANEU,ANSC,5,5,MG,S,0,0,3,1,1,3
CIALITOS,98901,651,ANEU,ANSC,2,2,MG,S,0,0,2,1,0.5,3
CIALITOS,98901,822,PRBU,GUGU,1,3,M,FU,0,0,3,2,5,1
CIALITOS,98902,640,BWVI,INVE,2,4,0,S,0,0,3,2,0.5,1
CIALITOS,98902,642,SHTA,INVE,1,2,MG,S,0,0,3,2,0.5,1
CIALITOS,98902,1038,BWVI,COAR,1,2,MG,S,0,0,1,1,0.5,2
CIALITOS,98903,922,ANEU,ANSC,0,0,0,0,0,0,3,1,1,1
CIALITOS,98903,1003,SHTA,CESC,1,3,MG,FU,0,0,3,3,0.5,1
CIALITOS,98903,1153,PRBU,GUGU,2,3,P,S,0,0,2,2,17,0
CIALITOS,98903,1156,SHTA,FICUS SP.,0,0,0,0,0,0,2,3,1,2
CIALITOS,98903,1200,SHTA,FICUS SP.,0,0,0,0,0,0,3,3,1,0
CIALITOS,98908,630,ANEU,PH SP.,0,0,0,0,0,0,0,0,0,0
CIALITOS,98912,700,ANEU,MOCH,1,4,M,S,0,0,1,0,0.5,1
CIALITOS,98912,838,ANEU,ANSC,4,0,MG,FU,0,0,2,1,1,1
CIALITOS,98912,838,ANEU,ANSC,2,0,MG,AB,0,0,2,1,1,1
CIALITOS,98912,932,ANEU,ANSC,5,0,MG,AB,0,0,2,1,1,1
CIALITOS,98912,1040,SHTA,FICUS SP.,0,0,0,0,0,0,3,3,1,0
CIALITOS,98912,1059,SHTA,FICUS SP.,1,0,MG,S,0,0,2,3,2,2
CIALITOS,98912,1122,SHTA,FICUS SP.,4,5,MG,S,0,0,2,3,1,2
CIALITOS,98912,1123,SHTA,FICUS SP.,0,0,0,0,0,0,2,3,1,0
DELICIAS,981006,725,PRBU,GUGU,1,1,M,S,1,0,3,3,2,2
DELICIAS,981006,730,PRBU,GUGU,1,1,M,S,0,0,3,3,0.5,3
DELICIAS,981009,650,PRBU,GUGU,1,3,P,AB,4,0,3,3,0.5,1
DELICIAS,981009,706,PRBU,GUGU,1,4,P,AR,2,0,3,3,2,1
DELICIAS,981009,802,PETH,GUGU,1,9,G,S,0,0,3,3,1.5,1
DELICIAS,981009,846,PRBU,GUGU,2,10,P,AB,3,0,3,3,3,1
DON JUAN,97567,836,BWVI,INVE,2,0,P,AB,0,0,3,2,0.5,1
DON JUAN,97567,1016,BWVI,SCMO,1,1,G,AB,0,0,2,3,0.5,1
DON JUAN,97567,1017,BWVI,SCMO,2,2,G,AB,0,0,2,3,0.5,1
DON JUAN,97567,715,BWVI,GUGU,1,1,G,AR,0,0,3,3,1,2
DON JUAN,97567,721,BWVI,CESC,1,4,G,AB,0,0,3,3,1.5,1
DON JUAN,97567,827,GRKI,SCMO,3,3,G,FU,0,0,3,3,1.5,1
DON JUAN,97567,805,PRBU,CESC,2,0,MG,AB,0,0,3,3,0.5,2
DON JUAN,97567,928,PRTA,INVE,1,0,P,AB,0,0,3,3,0.5,3
DON JUAN,97567,936,PRTA,INVE,1,1,P,C,0,0,3,3,0.5,1
DON JUAN,97567,719,PRTA,SCMO,8,0,M,AB,0,0,3,3,1.5,1
DON JUAN,97567,654,PRWO,CESC,1,1,G,FU,0,0,3,3,2.5,2
DON JUAN,97567,1028,RLTH,SCMO,7,1,G,AB,0,0,3,3,0.5,1
DON JUAN,97567,959,RLTH,SCMO,2,2,G,AR,0,0,3,3,1,1
DON JUAN,97567,1006,RLTH,SCMO,3,3,G,AR,0,0,3,3,1,2
DON JUAN,97567,748,RLTH,SCMO,3,3,G,AB,0,0,3,3,1.5,1
DON JUAN,97567,1016,RLTH,SCMO,2,2,G,C,0,0,3,3,1,1
DON JUAN,97567,1022,RLTH,SCMO,1,1,G,AB,0,0,3,3,1,1
DON JUAN,97567,635,SHTA,CESC,1,2,MG,AB,0,0,3,3,1,2
DON JUAN,97567,958,SHTA,SCMO,7,7,MG,AB,0,0,3,3,2.5,1
DON JUAN,97567,737,SHTA,SCMO,4,4,MG,AB,0,0,3,3,2,1
DON JUAN,97567,741,SHTA,SCMO,2,2,MG,AB,0,0,3,3,1.5,1
DON JUAN,97567,1609,SHTA,INVE,1,60,MG,AB,2,0,3,2,6,1
DON JUAN,97702,940,BWVI,PH SP.,2,0,G,AB,0,0,2,3,1,3
DON JUAN,97702,727,GRKI,SCMO,3,0,G,FU,0,0,3,3,0.5,1
DON JUAN,97702,734,GRKI,SCMO,4,0,G,F,0,0,3,3,1,1
DON JUAN,97702,1009,GRKI,SCMO,9,0,G,F,0,0,3,3,2.5,1
DON JUAN,97702,725,PETH,SCMO,5,0,G,FU,2,0,3,3,1,1
DON JUAN,97702,1026,PRBU,GUGU,2,25,"P,M",AB,1,0,2,3,10.5,0
DON JUAN,97702,725,RLTH,SCMO,0,0,0,S,0,0,3,3,0.5,1
DON JUAN,97702,739,RLTH,SCMO,7,0,G,FU,1,0,3,3,1,1
DON JUAN,97702,741,SHTA,SCMO,4,0,MG,FU,0,0,3,3,0.5,1
DON JUAN,97702,910,SHTA,CESC,1,1,MG,AB,0,0,3,3,1,2
DON JUAN,98519,807,PRBU,GUGU,1,1,M,S,1,0,3,2,1.5,2
DON JUAN,98519,907,GRKI,SCMO,2,2,G,F,0,0,3,2,1,3
DON JUAN,98519,1007,PRBU,INVE,1,4,M,S,1,0,2,2,1.5,3
DON JUAN,98605,730,GRKI,OCCO,1,1,G,F,0,0,3,3,0.5,3
DON JUAN,98610,941,SHTA,PI SP.,1,7,MG,S,0,0,1,2,1,1
DON JUAN,98702,1124,SHTA,CESC,1,1,MG,0,0,0,3,3,0.5,2
DON JUAN,98710,950,BANA,CESC,1,3,MG,S,0,0,4,2,1,2
DON JUAN,98710,1000,SHTA,CESC,6,52,MG,S,1,0,4,2,6.5,3
DON JUAN,98710,1003,BANA,CESC,1,2,MG,S,0,0,4,2,0.5,3
DON JUAN,98728,920,BANA,CESC,2,5,MG,AB,0,0,3,2,2,3
DON JUAN,98728,1110,PRVI,CASY,3,3,MG,S,0,0,1,2,1,3
DON JUAN,98728,1140,SHTA,CESC,1,1,MG,S,0,0,3,2,2,3
DON JUAN,98728,1140,SHTA,CESC,1,9,MG,S,0,0,3,2,2,3
DON JUAN,98728,1204,BWVI,CESC,2,3,MG,S,0,0,3,2,1,3
DON JUAN,98728,1220,PRBU,MICONIA SP.,2,2,MG,E,0,0,2,2,0.5,2
DON JUAN,98804,929,PRBU,GUGU,3,5,"P,R",S,5,0,3,3,6,1
DON JUAN,98804,958,PRFL,GUGU,1,0,G,F,0,0,2,3,0.5,1
DON JUAN,98804,953,PRBU,GUGU,0,0,0,0,0,0,3,3,1,1
DON JUAN,98807,735,SHTA,TOHI,8,0,MG,S,0,0,2,3,1.5,1
DON JUAN,98807,740,RLTH,TOHI,0,0,0,0,0,0,2,3,0.5,3
DON JUAN,98807,821,SHTA,FICUS SP.,3,0,MG,S,0,0,3,3,1,3
DON JUAN,98830,936,RLTH,DEAR,4,6,G,FU,0,4,2,3,0.5,2
DON JUAN,98901,646,BANA,INVE,1,2,G,S,0,0,3,3,0.5,1
DON JUAN,98901,705,BANA,INVE,1,3,G,S,0,0,3,3,0.5,1
DON JUAN,98902,708,ANEU,CESC,2,42,MG,AB,0,0,3,3,4,1
DON JUAN,98902,710,PRBU,GUGU,1,0,P,0,0,0,3,2,0.5,2
DON JUAN,98902,1100,PRBU,GUGU,1,1,R,S,1,0,2,2,1,1
DON JUAN,98902,1102,PRBU,DEAR,7,0,M,S,15,0,3,3,1,3
DON JUAN,98902,1120,PRBU,DEAR,0,0,0,S,0,0,2,3,3,0
DON JUAN,98904,756,BWVI,COAR,1,0,G,AR,0,0,2,2,0.5,3
DON JUAN,98909,845,PRBU,DEAR,1,0,M,S,2,0,2,3,0.5,1
DON JUAN,98909,935,SHTA,DEAR,0,0,0,0,0,0,2,3,1,1
DON JUAN,98909,1121,SHTA,CESC,1,3,MG,S,0,0,3,3,0.5,1
GIL,,910,PRBU,TRMI,14,0,MG,AB,2,0,2,2,2,2
GIL,97201,730,SHTA,COSU,2,2,MG,AB,2,0,2,3,1,2
GIL,97201,800,PETH,OCCO,3,0,0,AB,0,0,2,3,0.5,1
GIL,97515,1705,PETH,OCCO,2,0,G,S,0,0,0,0,1.5,0
GIL,97519,1723,SNPI,OCCO,10,0,G,S,1,0,3,3,2.5,2
GIL,97519,1726,SNPI,OCCO,12,0,G,S,0,0,3,3,4.5,2
GIL,97567,619,BWVI,GUGU,1,0,G,C,0,0,2,3,0.5,1
GIL,97567,740,BWVI,SCMO,1,1,G,AB,0,0,3,3,0.5,1
GIL,97567,1645,BWVI,PARU,1,0,P,S,0,0,0,0,0.5,0
GIL,97567,725,PETH,SCMO,2,0,G,AB,0,0,3,3,0.5,1
GIL,97567,1031,PRBU,CESC,3,0,MG,AB,0,0,3,3,1,1
GIL,97567,802,PRBU,INVE,1,1,P,FU,0,0,3,3,0.5,2
GIL,97567,743,PRBU,SCMO,2,0,MG,FU,0,0,3,3,0.5,2
GIL,97567,932,PRBU,GUGU,1,0,M,FU,0,0,2,3,1,1
GIL,97567,801,PRBU,GUGU,1,1,M,AR,0,0,3,3,1,1
GIL,97567,807,PRBU,GUGU,2,2,M,AB,1,0,2,3,2.5,1
GIL,97567,721,PRTA,SCMO,1,0,MG,AB,0,0,3,3,0.5,1
GIL,97567,609,PRWO,INVE,12,1,P,AB,0,0,3,3,1.5,2
GIL,97567,647,PRWO,SCMO,2,2,G,FU,0,0,3,3,1.5,1
GIL,97567,853,SHTA,CESC,2,0,MG,AB,0,0,3,3,0.5,1
GIL,97567,745,SHTA,SCMO,1,1,MG,AR,0,0,3,3,0.5,1
GIL,97567,903,SHTA,CESC,1,0,MG,AB,0,0,3,3,1,1
GIL,97567,910,SHTA,CESC,2,0,MG,AB,0,0,3,3,1,1
GIL,97567,921,SHTA,THOC,1,0,MG,FU,0,0,3,3,1,1
GIL,97567,726,SHTA,SCMO,2,2,MG,AB,0,0,3,3,1,1
GIL,97567,1600,SNPI,SOTO,1,0,G,S,0,0,1,3,4,2
GIL,97567,1705,SNPI,OCCO,17,0,G,S,0,0,3,3,5,2
GIL,97606,1200,PRBU,GUGU,2,0,M,AB,1,0,3,2,0.5,1
GIL,97606,720,PRBU,CESC,1,4,MG,FU,0,0,2,3,1,1
GIL,97606,750,SHTA,CESC,1,13,MG,AB,0,0,3,3,1.5,1
GIL,97606,1053,SHTA,CESC,1,4,MG,S,0,0,3,3,1.5,1
GIL,97606,1055,SHTA,CESC,1,6,MG,S,0,0,3,3,1.5,1
GIL,97709,751,BWVI,SCMO,2,0,G,FU,0,0,3,3,1,1
GIL,97709,757,BWVI,SCMO,0,0,0,S,0,0,3,3,0.5,1
GIL,97709,848,PRBU,GUGU,1,1,P,AB,0,0,3,2,0,0
GIL,97709,746,PRWO,SCMO,2,0,G,AR,0,0,3,2,1,1
GIL,97709,754,SHTA,SCMO,1,0,MG,AB,0,0,3,3,0.5,1
GIL,97709,755,SHTA,SCMO,2,0,MG,AB,0,0,3,3,0.5,1
GIL,97709,805,SHTA,SCMO,4,0,MG,AR,0,0,3,3,0.5,3
GIL,97711,1645,SHTA,TOHI,3,3,MG,AB,0,0,2,3,1,1
JOSE COLON,97567,730,PETH,CLRO,1,1,G,AR,0,0,3,3,1,1
JOSE COLON,98520,722,PRBU,CUAM,2,4,R,0,1,0,3,3,1,1
JOSE COLON,98520,722,RLTH,CUAM,0,0,0,0,0,0,3,3,0.5,0
JOSE COLON,98520,725,PRBU,CUAM,3,5,"P,R",C,1,0,3,3,4,1
JOSE COLON,98520,729,RLTH,CUAM,2,0,G,F,0,0,3,3,0.5,1
JOSE COLON,98527,847,PETH,CLRO,1,4,G,S,0,0,3,3,1,1
JOSE COLON,98527,920,PRBU,CLRO,1,0,0,0,0,0,3,3,1,1
JOSE COLON,98527,958,PETH,ZAMA,35,0,G,S,0,0,3,3,3,2
JOSE COLON,98527,1202,PETH,CLRO,1,5,G,C,0,0,3,3,2,1
JOSE COLON,98603,830,PRBU,CUAM,0,0,0,0,0,0,3,3,0.5,2
JOSE COLON,98603,833,RLTH,CUAM,1,0,G,F,0,0,3,3,0.5,0
JOSE COLON,98617,905,PRBU,CUAM,2,0,M,0,2,0,3,3,0.5,1
JOSE COLON,98617,1222,PETH,GUGU,1,2,G,F,0,0,2,2,0.5,2
JOSE COLON,97567,1020,PETH,CUAM,3,3,G,C,0,0,3,3,2.5,1
JOSE COLON,981006,631,SNPI,ROBO,0,0,G,AB,0,0,3,1,0,0
JOSE COLON,981006,631,SNPI,ROBO,0,0,G,AB,0,0,3,1,0,0
JOSE COLON,981006,631,SNPI,ROBO,0,0,G,AB,0,0,3,1,0,0
JOSE COLON,981006,631,SNPI,ROBO,0,0,G,AB,0,0,3,1,0,0
JOSE COLON,981006,631,SNPI,ROBO,0,0,G,AB,0,0,3,1,0,0
JOSE COLON,981006,705,RLTH,ROBO,0,0,0,S,0,0,3,1,0.5,1
JOSE COLON,981006,803,PETH,GUGU,3,10,G,AB,0,0,2,3,2,0
JOSE COLON,98204,744,RLTH,OCCO,0,0,0,0,0,0,3,3,1,1
JOSE COLON,98204,744,RLTH,OCCO,0,0,0,0,0,0,3,3,1,1
JOSE COLON,98204,824,PRBU,GUGU,1,9,P,S,0,0,3,2,1,1
JOSE COLON,98209,1032,PRBU,GUGU,0,0,0,S,0,0,3,2,2,2
JOSE COLON,98209,1033,LGKI,GUGU,2,2,G,S,0,0,3,2,1,0
JOSE COLON,98209,1053,PRBU,GUGU,1,1,R,S,1,0,3,2,1,0
JOSE COLON,98209,1055,PRBU,GUGU,2,2,R,F,2,0,3,2,1,1
JOSE COLON,98209,1055,BWVI,GUGU,1,1,G,AB,0,0,3,2,1,1
JOSE COLON,98209,1104,PETH,GUGU,3,3,G,S,0,0,3,2,0.5,2
JOSE COLON,98209,1108,PETH,GUGU,3,3,G,S,0,0,3,2,1,2
JOSE COLON,98210,814,PETH,GUGU,1,2,G,S,0,0,2,2,1,1
JOSE COLON,98210,814,PETH,GUGU,0,0,0,0,0,0,2,3,0.5,2
JOSE COLON,98210,842,RLTH,OCCO,0,0,0,0,0,0,3,3,5,1
JOSE COLON,98210,1137,PETH,SYMA,1,9,P,S,0,0,3,2,1,3
JOSE COLON,98216,1040,RLTH,GUGU,1,1,G,S,0,0,2,2,1,3
JOSE COLON,98216,1050,PETH,OCCO,2,0,G,F,0,0,3,3,4,0
JOSE COLON,98216,1058,PRBU,GUGU,5,4,R,S,4,0,3,2,3,1
JOSE COLON,98216,1101,PRBU,GUGU,2,2,R,S,2,0,3,2,0.5,1
JOSE COLON,98216,1101,LGKI,GUGU,1,0,G,F,0,0,3,2,0.5,1
JOSE COLON,98216,1128,PRBU,GUGU,1,1,R,0,1,0,2,2,1,0
JOSE COLON,98218,915,PRBU,BUSI,1,1,G,S,1,0,3,2,0,2
JOSE COLON,98225,1044,RLTH,CESC,3,5,G,S,0,0,3,3,2,1
JOSE COLON,98225,1120,RLTH,GUGU,1,2,0,S,0,0,3,2,1,0
JOSE COLON,98225,1125,RLTH,GUGU,1,3,0,S,0,0,2,3,0.5,2
JOSE COLON,98227,845,PETH,GUGU,1,1,G,0,0,0,3,1,0,3
JOSE COLON,98227,926,PETH,GUGU,2,4,G,AB,0,0,2,2,0,1
JOSE COLON,98304,808,PETH,GUGU,1,3,G,AB,0,0,2,3,0.5,1
JOSE COLON,98304,925,PRFL,GUGU,1,1,G,S,0,0,2,2,0.5,1
JOSE COLON,98304,1042,PRBU,MYCE,1,0,0,AB,0,0,2,2,1.5,0
JOSE COLON,98309,957,PETH,FICUS SP.,0,0,0,0,0,1,2,2,1.5,3
JOSE COLON,98309,1014,PRBU,FICUS SP.,1,1,R,S,0,1,2,2,1,3
JOSE COLON,98309,1020,PRBU,CUAM,0,2,0,0,0,0,3,3,1,2
JOSE COLON,98318,1030,RLTH,GUGU,0,0,0,0,0,0,2,3,0.5,1
JOSE COLON,98318,1145,PRBU,GUGU,1,14,M,S,0,0,2,2,1,1
JOSE COLON,98323,920,PETH,TOFR,4,4,G,C,0,1,2,2,4,2
JOSE COLON,98323,1129,PETH,GUGU,1,3,MG,S,1,0,2,2,3,2
JOSE COLON,98327,735,PRBU,CESC,1,3,MG,FU,0,0,3,3,0.5,1
JOSE COLON,98327,1040,PRBU,GUGU,0,0,0,0,0,0,3,2,1,1
JOSE COLON,98406,840,PETH,OCCO,0,0,0,S,0,0,3,2,2,3
JOSE COLON,98413,1007,RLTH,MASI,0,2,0,S,0,0,2,2,1,2
JOSE COLON,98413,1113,PETH,OCCO,2,2,MG,F,0,0,3,3,2,2
JOSE COLON,98413,1114,PETH,OCCO,1,1,MG,F,0,0,3,3,2,2
JOSE COLON,98420,911,RLTH,CUAM,2,3,0,S,0,0,2,2,1,3
JOSE COLON,98420,1009,LGKI,GUGU,0,0,0,S,0,0,2,2,1,2
JOSE COLON,98420,1115,SNPI,OCCO,0,0,0,0,0,0,3,2,2.5,3
JOSE COLON,98420,1115,SNPI,OCCO,0,0,0,0,0,0,2,2,2.5,3
JOSE COLON,98422,923,PRBU,CLRO,1,3,MG,AR,0,0,3,2,1.5,3
JOSE COLON,98422,1156,RLTH,OCCO,3,0,G,S,0,0,3,3,0.5,1
JOSE COLON,98422,1237,LGKI,GUGU,1,1,G,S,0,0,2,2,2,3
JOSE COLON,98429,805,PETH,CLRO,1,6,G,AR,0,0,3,3,0.5,2
JOSE COLON,98429,825,SNPI,PEDO,35,0,G,S,0,0,3,3,3,3
JOSE COLON,98429,1047,SNPI,OCCO,0,0,0,0,0,0,3,3,1,2
JOSE COLON,98501,1059,PRBU,COGL,3,3,H,"M,R",0,0,2,2,0.5,3
JOSE COLON,98511,930,PETH,MASI,3,3,MG,C,0,1,0,3,0.5,3
JOSE COLON,98511,943,GRKI,OCCO,2,2,MG,F,0,0,3,3,0.5,3
JOSE COLON,98511,953,GRKI,OCCO,2,2,MG,C,0,0,3,3,0.5,2
JOSE COLON,98511,959,PRBU,CUAM,3,3,M,F,1,0,2,0,1,2
JOSE COLON,98511,1004,GRKI,CUAM,1,1,MG,0,0,0,2,2,1,1
JOSE COLON,98511,1005,GRKI,CUAM,1,1,MG,F,0,0,2,2,1,2
JOSE COLON,98511,1025,PETH,OCCO,2,2,0,F,0,0,3,2,1.5,2
JOSE COLON,98511,1046,PETH,OCCO,1,1,0,F,0,0,3,2,0.5,3
JOSE COLON,98511,1242,PETH,CHAR,1,1,MG,S,0,0,1,2,0.5,2
JOSE COLON,98518,1108,PRBU,ALLA,4,4,M,AB,2,3,3,2,2,2
JOSE COLON,98518,1128,PRBU,GUGU,3,3,M,AB,2,0,2,2,3,2
JOSE COLON,98601,713,PETH,PEAM,1,1,M,S,0,1,3,2,9,1
JOSE COLON,98601,1035,PRBU,CLRO,1,1,MG,AR,0,0,3,2,1.5,2
JOSE COLON,98601,1115,PETH,GUGU,2,5,MG,S,1,0,3,2,0.5,1
JOSE COLON,98616,849,RLTH,RASP,2,2,G,S,0,0,2,2,0.5,3
JOSE COLON,98616,1004,SHTA,PEAM,3,13,M,AB,0,0,3,2,2,3
JOSE COLON,98706,638,PRVI,CLRO,1,1,MG,FU,0,0,2,2,0.5,3
JOSE COLON,98706,640,BWVI,CLRO,1,2,MG,S,0,0,2,2,3,1
JOSE COLON,98706,740,BWVI,CLRO,2,5,MG,S,1,0,2,2,1,3
JOSE COLON,98706,747,BWVI,CLRO,1,8,MG,S,0,0,3,2,1,2
JOSE COLON,98706,750,PRFL,CLRO,1,1,MG,C,1,0,3,2,3,3
JOSE COLON,98706,800,BANA,CLRO,1,2,MG,S,0,0,2,2,1,3
JOSE COLON,98706,806,BWVI,CLRO,1,2,MG,S,0,0,3,2,2,3
JOSE COLON,98706,807,BWVI,CLRO,1,2,MG,S,0,0,3,2,2,3
JOSE COLON,98706,1005,PETH,CLMI,1,5,MG,S,0,0,2,2,1,2
JOSE COLON,98706,1033,PETH,CLMI,2,8,MG,S,0,0,2,0,0.5,1
JOSE COLON,98706,1043,PRBU,CLMI,2,8,MG,S,4,0,2,2,1,1
JOSE COLON,98706,1140,SNPI,CLMI,1,5,MG,FU,0,0,3,2,1.5,1
JOSE COLON,98713,919,SHCO,CLRO,2,5,M,FU,5,0,3,2,1,3
JOSE COLON,98713,919,SHCO,CLRO,2,5,M,"E,S",5,0,3,2,1,3
JOSE COLON,98831,1217,ANEU,ANSC,2,0,MG,C,0,0,2,1,0.5,1
JOSE COLON,98902,828,ANEU,DEPU,3,3,MG,S,0,0,2,2,1,3
JOSE COLON,98903,1040,ANEU,PH SP.,8,8,MG,S,0,0,3,1,1.5,3
JOSE COLON,98903,1044,ANEU,PH SP.,3,3,MG,S,0,0,3,1,0.5,3
JOSE COLON,98930,732,SNPI,ROBO,0,0,0,0,0,0,3,1,0,0
JOSE COLON,98930,732,SNPI,ROBO,0,0,0,0,0,0,3,1,0,0
JOSE COLON,98930,732,SNPI,ROBO,0,0,0,0,0,0,3,1,0,0
JOSE COLON,98930,732,SNPI,ROBO,0,0,0,0,0,0,3,1,0,0
JOSE COLON,98930,732,SNPI,ROBO,0,0,0,0,0,0,3,1,0,0
JOSE COLON,98930,732,SNPI,ROBO,0,0,0,0,0,0,3,1,0,0
JOSE COLON,98930,859,SHTA,HYCL,0,0,0,0,0,0,3,3,0,0
JOSE COLON,98930,859,SHTA,HYCL,0,0,0,0,0,0,3,3,0,0
JOSE COLON,98930,859,SHTA,HYCL,0,0,0,0,0,0,3,3,0,0
JOSE COLON,98930,903,SNPI,CESC,1,0,0,0,0,0,3,3,0,0
JOSE COLON,98930,903,SNPI,CESC,1,0,0,0,0,0,3,3,0,0
JOSE COLON,98930,922,PRBU,GUGU,0,0,0,0,0,0,2,3,0,0
JOSE COLON,98930,922,PRBU,GUGU,0,0,0,0,0,0,2,3,0,0
DON JUAN,98305,741,PRBU,CESC,1,3,M,S,0,0,3,3,1,0
DON JUAN,98305,751,BWVI,CESC,1,1,G,S,0,0,2,3,0.5,1
DON JUAN,98305,827,SHTA,CESC,2,5,MG,S,0,0,2,3,1.5,1
DON JUAN,98305,827,SHTA,CESC,1,9,MG,S,0,0,2,3,2,1
DON JUAN,98305,1055,BWVI,GUGU,0,0,0,0,0,0,2,2,1,1
DON JUAN,98306,757,BWVI,INVE,0,0,0,S,3,0,3,2,12,1
DON JUAN,98306,915,BWVI,GUGU,0,1,P,F,0,0,2,2,0.5,0
DON JUAN,98306,1029,SHTA,CESC,2,22,MG,AB,0,0,2,2,5,3
DON JUAN,98306,1034,PRBU,CESC,2,2,MG,AB,0,0,2,2,0.5,3
DON JUAN,98306,1037,SHTA,CESC,1,3,MG,S,0,0,3,2,0.5,2
DON JUAN,98306,1037,GRKI,CESC,1,1,PG,F,0,0,3,2,0.5,2
DON JUAN,98306,1125,PRBU,GUGU,0,0,G,0,0,0,2,2,1,2
DON JUAN,98306,1226,SHTA,MUAC,1,20,M,S,0,0,1,2,1,1
DON JUAN,98306,1246,BCOR,MUAC,1,2,M,S,0,0,1,2,0.5,3
DON JUAN,98312,905,RLTH,CESC,2,3,G,S,0,0,3,2,0.5,1
DON JUAN,98312,910,RLTH,CESC,2,4,G,S,0,0,3,2,0.5,1
DON JUAN,98312,1020,LGKI,GUGU,2,1,G,F,0,0,2,2,0.5,1
DON JUAN,98312,1038,GRKI,GUGU,3,3,G,F,0,0,2,2,1,0
DON JUAN,98312,1053,YTVI,GUGU,3,3,G,S,0,0,2,2,0.5,0
DON JUAN,98312,1205,SHTA,SORU,2,15,MG,S,0,0,2,3,1,1
DON JUAN,98312,1210,LGKI,GUGU,2,2,G,F,0,0,2,2,0.5,1
DON JUAN,98312,1214,BWVI,CISSUS SP.,0,0,0,0,1,0,0,0,0,0
DON JUAN,98312,100,BWVI,GUGU,1,1,G,S,0,0,3,3,1,2
DON JUAN,98313,758,GRKI,MOCH,1,2,MG,C,0,0,1,0,0.5,2
DON JUAN,98313,943,PRTA,MUPA,2,2,R,F,0,0,1,2,1,0
DON JUAN,98326,726,SHTA,CESC,0,0,0,0,0,0,3,3,0.5,1
DON JUAN,98326,1153,PRTA,CESC,1,3,MG,FU,0,1,3,3,0.5,2
DON JUAN,98402,818,BANA,CESC,1,9,P,AB,0,0,3,3,1,0
DON JUAN,98402,1014,SHTA,CESC,1,7,MG,AB,0,0,3,3,0.5,1
DON JUAN,98402,1022,PRBU,CESC,1,3,MG,S,0,0,3,3,0.5,1
DON JUAN,98402,1034,SHTA,PH SP.,0,0,0,0,0,0,1,3,1,1
DON JUAN,98403,807,SHTA,CESC,1,9,MG,AB,0,0,3,2,1,3
DON JUAN,98406,830,SHTA,CESC,2,5,MG,AB,0,0,3,3,2.5,1
DON JUAN,98406,922,BANA,CESC,1,3,P,AB,0,0,3,3,0.5,1
DON JUAN,98406,951,SHTA,CESC,1,2,S,AB,0,0,3,3,0.5,0
DON JUAN,98409,954,SHTA,SCMO,1,1,MG,S,0,0,3,2,1.5,2
DON JUAN,98409,1119,PRTA,CESC,1,3,MG,S,0,0,3,2,1.5,1
DON JUAN,98409,1131,SHTA,CESC,3,5,MG,S,0,0,3,2,1,3
DON JUAN,98409,1132,SHTA,CESC,1,1,MG,S,0,0,3,2,0.5,3
DON JUAN,98422,747,BWVI,CESC,2,3,MG,F,0,0,3,2,6,2
DON JUAN,98422,750,BWVI,CESC,1,3,MG,S,0,0,3,2,0.5,2
DON JUAN,98422,828,BWVI,CESC,1,1,MG,S,0,0,2,2,0.5,1
DON JUAN,98423,654,GRKI,SCMO,4,0,G,F,0,0,3,3,3,0
DON JUAN,98423,720,SNPI,SCMO,35,0,G,FU,0,0,3,3,6,1
DON JUAN,98423,730,SHTA,SCMO,2,0,MG,S,0,0,3,3,1,1
DON JUAN,98423,1156,RLTH,FICUS SP.,3,0,G,S,0,1,3,3,1,3
DON JUAN,98423,1156,RLTH,FICUS SP.,0,0,0,0,0,0,3,3,1,3
DON JUAN,98427,739,SHTA,SCMO,3,3,MG,S,0,0,3,3,1,3
DON JUAN,98501,834,BWVI,GUGU,1,1,G,AR,0,0,2,3,0.5,1
DON JUAN,98501,835,GRKI,SCMO,4,0,G,S,0,0,3,3,0.5,3
DON JUAN,98501,928,SHTA,SCMO,4,0,MG,S,0,0,3,3,2,1
DON JUAN,98501,1015,RLTH,OCCO,1,0,G,F,0,0,3,3,1,3
DON JUAN,98501,1047,SHTA,CESC,0,0,0,0,0,0,3,3,0.5,1
DON JUAN,98501,1134,PRBU,GUGU,1,0,0,0,0,0,2,2,1,1
DON JUAN,98501,1148,RLTH,SCMO,3,0,G,S,0,0,3,3,0.5,3
DON JUAN,98501,1150,SHTA,MICONIA SP.,2,0,MG,S,0,0,1,3,0.5,1
DON JUAN,98506,733,PRBU,GUGU,2,8,M,S,1,0,2,2,1,3
DON JUAN,98514,808,PRWO,GUGU,1,3,G,AB,0,0,2,2,0.5,2
DON JUAN,98514,816,RLTH,OCCO,1,0,F,0,0,0,3,3,0.5,2
DON JUAN,98514,836,SNPI,OCCO,2,0,G,S,0,0,3,3,2,2
DON JUAN,98514,1022,PRBU,ALLA,5,0,M,FU,0,0,3,2,5,1
DON JUAN,98514,1034,BWVI,ALLA,2,0,G,C,0,0,3,2,0.5,1
DON JUAN,98514,1035,BWVI,ALLA,3,0,G,S,0,0,3,2,1,0
DON JUAN,98514,1040,BWVI,ALLA,0,0,0,0,0,0,3,2,1,2
DON JUAN,98515,942,PRBU,GUGU,4,4,M,S,4,0,2,2,2,1
DON JUAN,98528,650,RLTH,OCCO,0,0,0,0,0,0,3,3,0.5,1
DON JUAN,98528,710,PRBU,GUGU,1,1,P,S,1,0,3,2,2,2
DON JUAN,98528,735,PRBU,GUGU,0,0,0,0,0,0,3,2,1,1
DON JUAN,98528,745,BWVI,GUGU,3,0,0,0,1,0,3,3,3,1
DON JUAN,98528,946,PRBU,CESC,1,3,MG,FU,0,0,3,3,1.5,2
DON JUAN,98528,1106,RLTH,SCMO,6,0,G,S,0,0,3,3,1,1
DON JUAN,98528,1107,RLTH,SCMO,2,0,G,S,0,0,3,3,0.5,3
DON JUAN,98528,1114,GRKI,SCMO,1,0,G,F,0,0,3,3,3,1
DON JUAN,98528,1114,GRKI,SCMO,0,0,0,0,0,0,3,3,1,1
DON JUAN,98612,815,SHTA,SCMO,3,0,MG,S,0,0,3,3,1,1
DON JUAN,98612,1001,PRBU,GUGU,3,4,M,AB,1,0,2,2,2,1
DON JUAN,98612,1020,SHTA,SCMO,0,0,0,0,0,0,3,3,2,1
DON JUAN,98612,1118,PRTA,MICONIA SP.,2,0,MG,S,0,0,2,3,0.5,1
DON JUAN,98612,1126,PRBU,ALLA,1,0,M,S,0,0,2,2,1,1
DON JUAN,98612,1156,BWVI,MICONIA SP.,4,1,G,S,0,0,2,3,0.5,1
DON JUAN,98619,809,SHTA,SCMO,3,0,MG,S,0,0,3,3,0.5,3
DON JUAN,98619,900,RLTH,SCMO,0,0,0,0,0,0,3,3,1,1
DON JUAN,98727,737,PRBU,GUGU,2,2,P,S,1,0,3,2,1,1
DON JUAN,98727,923,RLTH,PH SP.,0,0,0,0,0,0,1,3,0.5,1
DON JUAN,98727,952,PRWO,CESC,2,4,G,AR,0,0,2,3,0.5,0
JUAN SUELTA,98514,1145,SHTA,ROBO,1,0,MG,S,0,0,3,1,0.2,1
LOS BAEZ,97567,1038,ANEU,CESC,1,1,MG,AB,0,0,3,3,1,2
LOS BAEZ,97567,832,BWVI,GUGU,2,0,G,FU,0,0,3,3,1.5,1
LOS BAEZ,97567,1002,BWVI,CLRO,1,1,G,C,0,0,3,3,0.5,1
LOS BAEZ,97567,1003,BWVI,CLRO,1,1,G,C,0,0,3,3,0.5,1
LOS BAEZ,97567,1005,BWVI,CLRO,1,1,G,C,0,0,3,3,0.5,2
LOS BAEZ,97567,1007,BWVI,CLRO,1,1,G,C,0,0,3,3,0.5,1
LOS BAEZ,97567,1007,BWVI,CLRO,1,1,G,C,0,0,3,3,0.5,1
LOS BAEZ,97717,700,BWVI,RAFE,10,10,G,FU,0,0,3,2,1,3
LOS BAEZ,98128,825,PRBU,GUGU,2,2,R,S,1,0,2,2,1,3
LOS BAEZ,98128,925,SHTA,CESC,3,5,MG,S,0,0,3,3,1.5,1
LOS BAEZ,98128,935,PRBU,MYSP,1,0,M,S,0,0,2,2,0.5,1
LOS BAEZ,98128,940,PRBU,MICONIA SP.,0,0,0,0,0,0,1,2,0.5,1
LOS BAEZ,98128,945,SHTA,SCMO,8,0,MG,FU,0,2,3,3,0.5,2
LOS BAEZ,98128,949,PETH,MYSP,9,0,G,FU,0,0,2,2,1.5,1
LOS BAEZ,98128,957,SHTA,SCMO,2,0,MG,S,0,0,3,3,0.5,3
LOS BAEZ,98128,957,SHTA,SCMO,3,0,MG,S,0,0,3,3,0.5,3
LOS BAEZ,98128,1113,PRBU,MICONIA SP.,2,0,M,FU,2,0,2,3,0.5,1
LOS BAEZ,98128,1137,PRBU,BYCO,1,4,P,0,0,0,3,2,1.5,1
LOS BAEZ,98128,1221,PRBU,CESC,2,5,M,S,0,4,3,3,0.5,1
LOS BAEZ,98128,1227,SHTA,CESC,1,1,MG,S,0,0,3,3,1.5,1
LOS BAEZ,98128,1230,SHTA,CESC,0,0,0,0,0,0,3,3,1,1
LOS BAEZ,98128,101,PRBU,HEFA,2,0,MG,S,1,0,2,2,0.5,2
LOS BAEZ,98128,106,SHTA,MYSP,4,0,MG,AB,0,0,2,2,1,1
LOS BAEZ,98129,930,PRBU,GUGU,1,1,0,AB,0,0,3,3,0,0
LOS BAEZ,98204,1040,RLTH,CESC,2,3,G,F,0,0,3,3,0.5,0
LOS BAEZ,98209,1125,SHTA,CESC,1,6,MG,AB,0,0,3,3,1,3
LOS BAEZ,98209,1208,PRBU,MICONIA SP.,0,0,0,0,0,0,2,3,0.5,1
LOS BAEZ,98210,1000,PRBU,GUGU,0,3,0,AB,0,0,2,3,1,0
LOS BAEZ,98216,1000,PRBU,MYSP,2,2,G,AB,0,0,2,3,1,0
LOS BAEZ,98216,1037,PRBU,CAAR,3,3,MG,S,1,0,2,2,1,0
LOS BAEZ,98216,1100,FINCHE,CAAR,2,2,MG,S,0,0,2,3,0,0
LOS BAEZ,98216,1140,SHTA,CESC,2,4,MG,S,0,0,3,2,0,0
LOS BAEZ,98216,1140,SHTA,CESC,3,5,MG,S,0,0,3,2,1.5,0
LOS BAEZ,98218,840,PRBU,PH SP.,5,0,MG,S,0,0,3,2,1,1
LOS BAEZ,98218,935,SHTA,MYSP,3,0,MG,S,0,0,1,2,0.5,2
LOS BAEZ,98218,937,PRBU,GUGU,1,1,R,S,0,0,2,3,0.5,0
LOS BAEZ,98218,1140,SHTA,BYCO,1,0,M,S,1,0,2,3,5,0
LOS BAEZ,98218,1200,SNPI,OCCO,0,0,0,0,0,0,3,3,0,0
LOS BAEZ,98225,835,BCOR,INVE,2,11,P,AB,0,1,3,2,2,0
LOS BAEZ,98225,850,SNPI,CESC,1,2,G,S,0,0,3,2,5,3
LOS BAEZ,98225,853,SHTA,CESC,2,4,MG,AB,0,0,2,3,3,1
LOS BAEZ,98225,906,GRKI,GUGU,3,3,M,F,1,0,0,2,2,3
LOS BAEZ,98225,908,BWVI,GUGU,1,1,0,AB,0,0,3,2,0,3
LOS BAEZ,98225,1015,SNPI,CAAR,3,3,MG,S,0,0,2,2,3,2
LOS BAEZ,98225,1115,GRKI,CAAR,1,1,M,F,0,1,1,2,1,2
LOS BAEZ,98303,918,SHTA,CESC,1,3,MG,S,0,0,3,3,0.5,3
LOS BAEZ,98303,1024,SNPI,SCMO,0,0,0,0,0,0,3,3,0,3
LOS BAEZ,98303,1024,RLTH,SCMO,0,0,0,0,0,0,3,2,0,3
LOS BAEZ,98303,1125,BWVI,CESC,1,1,MG,AB,0,0,2,3,0.5,1
LOS BAEZ,98303,1141,PRBU,GUGU,1,1,R,AB,1,0,2,2,0.5,1
LOS BAEZ,98303,1306,RLTH,SCMO,5,0,G,AR,0,0,3,3,0.5,1
LOS BAEZ,98305,758,SHTA,MYCO,2,2,MG,S,0,0,1,2,2.5,1
LOS BAEZ,98305,839,PRBU,GUGU,4,3,PM,S,3,0,2,2,1,1
LOS BAEZ,98305,857,SNPI,SCMO,28,28,MG,S,0,0,3,3,4.5,2
LOS BAEZ,98310,1103,PRBU,GUGU,1,1,M,0,1,0,3,3,4,0
LOS BAEZ,98310,1106,GRKI,GUGU,1,1,P,F,1,0,3,3,0.5,2
LOS BAEZ,98310,1214,SHTA,SCMO,1,3,MG,S,0,0,3,3,1,1
LOS BAEZ,98312,938,PRBU,GUGU,1,1,R,AB,1,0,2,2,5,1
LOS BAEZ,98312,1116,BANA,CESC,2,3,MG,S,0,0,3,2,1,0
LOS BAEZ,98317,757,PRBU,CESC,1,3,MG,FU,0,0,3,3,1,2
LOS BAEZ,98317,801,PRBU,CESC,1,1,MG,S,0,0,3,2,0.5,1
LOS BAEZ,98317,827,SHTA,CESC,1,1,MG,S,0,0,3,3,1.5,1
LOS BAEZ,98317,853,PRBU,GUGU,5,14,"P,R",S,6,0,3,2,2,3
LOS BAEZ,98317,1020,PRBU,GUGU,2,5,"P,R",S,1,0,2,2,1,1
LOS BAEZ,98317,1036,SHTA,INVE,2,5,P,AB,0,0,3,3,1,1
LOS BAEZ,98317,1038,SHTA,SCMO,0,0,0,0,0,0,3,3,0.5,3
LOS BAEZ,98317,1059,SHTA,CESC,1,3,MG,FU,0,0,2,3,4,2
LOS BAEZ,98317,1233,SNPI,OCCO,0,0,0,0,0,0,2,2,1.5,3
LOS BAEZ,98317,1233,SNPI,OCCO,0,0,0,0,0,0,2,2,1.5,3
LOS BAEZ,98317,757,PRBU,CESC,1,3,MG,FU,0,0,3,3,1,2
LOS BAEZ,98317,801,PRBU,CESC,1,1,MG,S,0,0,3,3,0.5,1
LOS BAEZ,98317,827,SHTA,CESC,1,1,MG,S,0,0,3,3,1.5,1
LOS BAEZ,98317,835,SHTA,BEJUCO,0,2,P,S,0,0,2,3,0,0
LOS BAEZ,98317,853,PRBU,GUGU,5,14,"P,R",S,6,0,2,3,2,3
LOS BAEZ,98317,1020,PRBU,GUGU,2,5,"P,R",S,1,0,2,2,1,1
LOS BAEZ,98317,1036,SHTA,INVE,2,5,P,AR,0,0,3,3,1,1
LOS BAEZ,98317,1038,SHTA,SCMO,0,0,0,0,0,0,3,3,0.5,3
LOS BAEZ,98317,1059,SHTA,CESC,1,3,MG,FU,0,0,2,3,4,2
LOS BAEZ,98317,1223,SNPI,OCCO,0,0,0,0,0,0,2,2,1.5,3
LOS BAEZ,98317,1223,SNPI,OCCO,0,0,0,0,0,0,2,2,1.5,3
LOS BAEZ,98324,831,ANEU,PH SP.,2,2,MG,S,0,0,2,1,1,2
LOS BAEZ,98324,835,RLTH,SCMO,7,0,G,F,0,0,3,3,0.5,1
LOS BAEZ,98324,1030,PRBU,GUGU,2,2,P,S,0,0,3,2,2,1
LOS BAEZ,98324,1035,PRBU,GUGU,1,1,P,S,0,0,2,2,0.5,1
LOS BAEZ,98324,1129,PRBU,GUGU,1,1,"P,R",S,0,0,2,2,1,3
LOS BAEZ,98326,934,RLTH,SCMO,5,5,MG,S,0,0,3,3,0.5,3
LOS BAEZ,98401,809,RLTH,SCMO,2,2,G,S,0,0,3,3,0.5,3
LOS BAEZ,98401,826,BANA,CESC,2,4,MG,S,0,0,3,3,0.5,3
LOS BAEZ,98401,845,PRBU,GUGU,3,6,M,S,2,0,2,3,1,1
LOS BAEZ,98401,920,BANA,CESC,3,4,MG,S,0,0,3,1,1,2
LOS BAEZ,98401,1026,PRBU,GUGU,2,2,R,S,1,0,2,2,1,2
LOS BAEZ,98401,1039,PRBU,GUGU,1,1,R,S,1,0,2,2,0.5,1
LOS BAEZ,98401,1241,BANA,CESC,2,17,MG,S,0,0,3,2,0.5,0
LOS BAEZ,98407,909,PRBU,GUGU,3,2,P,S,0,0,2,2,1.5,1
LOS BAEZ,98407,1050,PRBU,GUGU,1,1,"P,R",AB,1,0,2,2,1,3
LOS BAEZ,98407,1116,BWVI,GUGU,1,1,G,S,0,0,2,2,1,1
LOS BAEZ,98414,929,RLTH,SCMO,0,0,0,0,0,0,3,3,0.5,1
LOS BAEZ,98414,1008,PRBU,GUGU,7,9,"P,R",C,9,0,2,2,4.5,2
LOS BAEZ,98414,1149,PRBU,GUGU,2,2,"P,R",C,2,0,2,2,1.5,2
LOS BAEZ,98414,1244,BANA,MICONIA SP.,3,4,M,AB,0,0,2,3,1,1
LOS BAEZ,98421,830,BANA,CESC,1,10,P,AB,0,0,3,3,1,0
LOS BAEZ,98421,911,SNPI,SCMO,0,0,0,0,0,0,3,3,8,3
LOS BAEZ,98421,929,PRBU,CESC,1,4,MG,FU,0,0,3,3,0.5,2
LOS BAEZ,98421,1005,PRBU,GUGU,1,1,"P,R",S,1,0,2,2,1,1
LOS BAEZ,98421,1130,RLTH,SCMO,3,0,G,S,0,0,3,3,0.5,1
LOS BAEZ,98421,1219,RLTH,SCMO,0,0,0,0,0,0,3,3,0.5,0
LOS BAEZ,98421,1223,PRBU,ALLA,3,0,M,AB,0,0,3,2,2.5,2
LOS BAEZ,98421,1225,SHTA,SCMO,1,0,MG,S,0,0,3,3,0.5,2
LOS BAEZ,98421,1225,SHTA,SCMO,0,0,0,0,0,0,3,3,0.5,2
LOS BAEZ,98428,759,PRBU,CESC,3,4,MG,S,0,0,2,3,1,2
LOS BAEZ,98428,921,SHTA,SCMO,3,0,MG,AB,0,0,3,3,1.5,1
LOS BAEZ,98428,938,BWVI,CLRO,1,4,G,AR,0,0,2,3,0.5,3
LOS BAEZ,98428,940,BWVI,CLRO,1,0,0,0,0,0,2,3,0.5,3
LOS BAEZ,98428,1118,SHTA,SCMO,0,0,0,0,0,0,3,3,0,0
LOS BAEZ,98428,1131,RLTH,SCMO,2,0,G,S,0,0,2,3,0.5,1
LOS BAEZ,98428,1153,RLTH,SCMO,6,0,G,S,0,0,2,3,0.5,3
LOS BAEZ,98428,1206,BWVI,CLRO,1,0,0,0,0,0,3,3,0,3
LOS BAEZ,98430,840,PRBU,GUGU,2,2,R,S,2,0,2,2,2,2
LOS BAEZ,98430,1015,PRBU,GUGU,1,1,R,0,1,0,2,2,0.5,1
LOS BAEZ,98430,1042,BWVI,GUGU,0,0,0,0,0,0,2,2,0.5,2
LOS BAEZ,98505,806,PRBU,HEFA,1,0,MG,S,0,0,2,2,0.5,2
LOS BAEZ,98505,856,BWVI,CLRO,1,0,0,0,0,0,3,3,0.5,2
LOS BAEZ,98505,904,BWVI,CLRO,1,0,0,0,0,0,3,3,0.5,2
LOS BAEZ,98505,1226,ANEU,CESC,1,12,MG,S,0,0,3,3,1,1
LOS BAEZ,98505,1230,BCOR,HEFA,2,0,G,S,0,0,2,2,0.5,2
LOS BAEZ,98507,757,BWVI,MYCO,2,2,MG,S,0,0,2,2,1,2
LOS BAEZ,98507,956,PRBU,HEFA,3,3,MG,AB,0,0,2,2,1,2
LOS BAEZ,98513,823,ZEDO,ALLA,5,0,G,S,0,0,3,2,5,2
LOS BAEZ,98513,823,ZEDO,ALLA,0,0,0,,0,0,3,2,5,2
LOS BAEZ,98513,839,BWVI,ALLA,3,0,G,S,0,0,3,3,0.5,1
LOS BAEZ,98513,922,PRBU,ALLA,3,0,M,S,0,0,3,2,1,2
LOS BAEZ,98513,926,RLTH,HEFA,0,0,0,0,0,0,2,2,0.5,3
LOS BAEZ,98513,1144,PRBU,MICONIA SP.,2,0,MG,FU,0,0,2,3,0.5,2
LOS BAEZ,98514,848,BANA,CESC,6,19,MG,AB,0,0,2,2,1,1
LOS BAEZ,98514,849,PRBU,CESC,2,2,MG,AB,0,1,2,2,1,1
LOS BAEZ,98519,1213,PRBU,ALLA,0,0,0,0,0,0,3,2,1,1
LOS BAEZ,98526,743,PRBU,CUAM,1,2,P,S,0,0,3,3,0.5,3
LOS BAEZ,98526,744,RLTH,CUAM,1,0,G,S,0,0,3,3,0.5,0
LOS BAEZ,98526,847,PRBU,CUAM,1,0,0,S,0,0,3,3,0.5,0
LOS BAEZ,98526,1120,PRBU,ALLA,0,0,0,0,0,0,2,2,0.5,0
LOS BAEZ,98526,1204,PRBU,CAAR,1,0,M,0,0,0,2,3,1,2
LOS BAEZ,98528,853,PETH,GUGU,1,1,G,AB,0,0,4,2,0.5,1
LOS BAEZ,98604,832,PRBU,ALLA,1,3,M,S,0,0,1,2,0.5,2
LOS BAEZ,98604,916,SHTA,MICONIA SP.,5,5,MG,S,0,0,1,2,0.5,3
LOS BAEZ,98605,727,BWVI,CLRO,1,6,G,C,0,0,2,3,0.5,1
LOS BAEZ,98605,746,ANEU,PH SP.,5,0,MG,S,0,0,2,1,0.5,1
LOS BAEZ,98605,751,BWVI,CLRO,1,3,G,C,0,0,2,3,0.5,0
LOS BAEZ,98605,755,PRBU,HEFA,0,0,0,0,0,0,2,2,0.5,0
LOS BAEZ,98605,905,SHTA,SCMO,3,0,MG,S,0,0,3,3,1.5,0
LOS BAEZ,98605,922,PRBU,CUAM,3,3,M,S,2,0,3,3,1,2
LOS BAEZ,98605,923,BANA,CUAM,1,2,P,S,0,0,3,3,0,0
LOS BAEZ,98605,1022,PRBU,CUAM,0,0,0,0,0,0,3,2,0,0
LOS BAEZ,98605,1028,BWVI,CUAM,2,5,G,F,0,0,2,3,1,2
LOS BAEZ,98605,1028,BWVI,CUAM,1,2,G,S,0,0,2,3,1,2
LOS BAEZ,98605,1112,SHTA,HEFA,1,0,MG,AB,0,0,2,2,1,1
LOS BAEZ,98605,1140,PRBU,CUAM,2,2,R,F,2,0,3,2,1,2
LOS BAEZ,98605,1155,BANA,CUAM,1,19,P,S,0,0,2,3,1.5,0
LOS BAEZ,98609,905,SHTA,SCMO,2,0,MG,S,0,1,3,3,1.5,0
LOS BAEZ,98609,905,SHTA,SCMO,0,0,0,0,0,0,3,3,1.5,0
LOS BAEZ,98609,930,PRBU,CUAM,0,0,0,0,0,0,2,3,2,0
LOS BAEZ,98609,1024,RLTH,CESC,1,1,G,AR,0,0,2,3,0.5,1
LOS BAEZ,98611,854,PRBU,CESC,3,12,MG,AB,0,0,3,2,1.5,2
LOS BAEZ,98611,1155,BWVI,CAAR,11,11,MG,AB,0,0,2,2,0.5,2
LOS BAEZ,98625,746,GRKI,CUAM,1,1,MG,F,0,0,3,3,1,1
LOS BAEZ,98625,752,BCOR,CUAM,1,2,M,S,1,0,4,3,0.5,2
LOS BAEZ,98625,806,GRKI,CUAM,1,1,MG,C,0,0,3,3,0.5,2
LOS BAEZ,98625,808,GRKI,CUAM,2,2,MG,F,0,0,3,0,2,1
LOS BAEZ,98625,822,PETH,CESC,1,8,MG,S,0,0,3,2,0.5,3
LOS BAEZ,98625,1105,BWVI,GUGU,1,1,G,F,0,0,2,2,0.5,2
LOS BAEZ,98625,1116,PRTA,CESC,2,6,MG,S,0,0,3,2,0.5,3
LOS BAEZ,98626,748,GRKI,CUAM,1,1,G,F,0,0,3,3,0.5,1
LOS BAEZ,98626,822,PRBU,CUAM,1,5,P,S,0,0,2,3,1,3
LOS BAEZ,98626,823,GRKI,CUAM,1,1,G,F,0,0,3,3,0.5,1
LOS BAEZ,98626,827,GRKI,CUAM,1,1,G,F,0,0,3,3,0.5,3
LOS BAEZ,98626,835,SHTA,MICONIA SP.,4,0,MG,S,0,0,2,3,0.5,1
LOS BAEZ,98626,840,BWVI,CUAM,2,0,G,F,0,0,3,3,1,2
LOS BAEZ,98626,850,SHCO,CUAM,5,50,P,S,0,7,3,3,3,1
LOS BAEZ,98626,909,SHTA,SCMO,1,0,MG,S,0,0,3,3,0.5,3
LOS BAEZ,98626,1227,SHTA,MICONIA SP.,0,0,0,0,0,0,1,3,1,1
LOS BAEZ,98626,1227,SHTA,MICONIA SP.,0,0,0,0,0,0,1,3,0.5,1
LOS BAEZ,98709,834,SHTA,MICONIA SP.,1,1,MG,FU,0,0,1,2,0.5,1
LOS BAEZ,98724,845,BWVI,GUGU,2,5,G,C,0,0,3,3,1,3
LOS BAEZ,98724,900,PRBU,GUGU,0,0,0,0,0,0,2,2,0.5,2
LOS BAEZ,98724,1120,PRTO,CESC,2,2,MG,F,0,0,3,2,0.5,2
LOS BAEZ,98724,1157,BANA,MICONIA SP.,3,5,MG,S,0,0,2,2,1,2
LOS BAEZ,98724,1205,PRBU,MICONIA SP.,2,2,MG,AR,0,0,2,3,0.5,3
LOS BAEZ,98724,1238,DESC,MICONIA SP.,2,2,MG,S,0,0,1,3,0.5,3
LOS BAEZ,98728,910,PRBU,GUGU,3,30,M,S,4,0,2,2,2,2
LOS BAEZ,98728,917,PRBU,GUGU,4,8,M,S,3,0,2,3,5,2
LOS BAEZ,98728,920,PRBU,MICONIA SP.,2,0,MG,S,0,0,1,3,1,1
LOS BAEZ,98728,936,SHTA,MICONIA SP.,2,0,MG,FU,0,0,2,3,1,1
LOS BAEZ,98728,1109,PRBU,GUGU,1,1,"P,R",S,1,0,2,3,1,1
LOS BAEZ,98729,846,PRBU,INVE,1,13,M,AB,0,1,3,3,2,1
LOS BAEZ,98729,934,PRBU,GUGU,1,1,0,AB,1,0,2,3,0.5,1
LOS BAEZ,98729,1001,PRBU,GUGU,1,2,P,AB,0,0,3,2,8,3
LOS BAEZ,98729,1202,SHTA,TOHI,1,1,0,AB,0,0,2,2,1,1
LOS BAEZ,98729,1210,BWVI,GUGU,1,1,G,S,0,0,3,3,1.5,1
LOS BAEZ,98803,848,SHTA,MICONIA SP.,0,0,0,0,0,0,2,3,0.5,2
LOS BAEZ,98803,902,RLTH,CESC,1,1,G,F,0,0,3,3,0.5,0
LOS BAEZ,98803,958,PRBU,GUGU,1,0,R,0,1,0,3,2,2,1
LOS BAEZ,98803,1031,SHTA,MICONIA SP.,1,0,MG,FU,0,0,1,3,0.5,1
LOS BAEZ,98803,1105,SHTA,MICONIA SP.,2,0,MG,S,0,0,2,3,0.5,1
LOS BAEZ,98803,1109,SHTA,PSBE,1,0,MG,AB,0,0,1,3,0.5,1
LOS BAEZ,98803,1142,SHTA,MICONIA SP.,2,0,MG,S,0,0,2,3,0.5,2
LOS BAEZ,98803,1143,SHTA,MICONIA SP.,1,0,MG,S,0,0,2,3,2,1
LOS BAEZ,98806,739,SHTA,MICONIA SP.,1,0,0,S,0,0,1,3,0.5,1
LOS BAEZ,98806,910,SHTA,DEAR,1,0,0,0,0,0,1,3,0.5,1
LOS BAEZ,98806,954,PRBU,GUGU,2,4,"P,R",S,1,0,2,2,1.5,1
LOS BAEZ,98806,1005,SHTA,MICONIA SP.,1,0,MG,F,0,0,1,3,0.5,1
LOS BAEZ,98806,1209,PRBU,PSBE,13,20,M,FU,0,1,1,3,3,1
LOS BAEZ,98831,750,BFGR,CESC,1,2,0,S,0,0,3,2,0.5,2
LOS BAEZ,98831,815,BWVI,SCMO,1,5,0,S,0,0,3,2,0.5,3
LOS BAEZ,98831,835,PRBU,MICONIA SP.,4,4,MG,S,0,0,1,2,0.5,3
LOS BAEZ,98831,906,PRBU,GUGU,1,1,MG,S,0,0,3,2,0.5,3
LOS BAEZ,98831,925,BWVI,BICO,1,1,MG,S,0,0,3,2,0.5,2
LOS BAEZ,98831,948,BWVI,BICO,1,2,MG,S,0,0,3,2,0.5,3
LOS BAEZ,98831,1030,PRBU,MICONIA SP.,2,2,G,S,0,0,1,2,0.5,3
LOS BAEZ,98831,1138,PRBU,MICONIA SP.,1,1,G,S,0,0,1,2,0.5,3
LOS BAEZ,98901,1003,PRBU,ANSC,10,0,M,AB,0,0,2,1,1,1
LOS BAEZ,98901,1006,SHTA,MICONIA SP.,0,0,0,0,0,0,1,3,0.5,2
LOS BAEZ,98901,1006,SHTA,MICONIA SP.,0,0,0,0,0,0,1,3,0.5,2
LOS BAEZ,98901,1131,SHTA,MICONIA SP.,1,0,MG,S,0,0,1,3,4,2
LOS BAEZ,98901,1146,PRBU,MICONIA SP.,1,0,MG,S,0,0,1,3,15,2
LOS BAEZ,98903,728,BANA,CESC,1,4,MG,S,0,0,3,1,0.5,3
LOS BAEZ,98903,1039,PETH,MICONIA SP.,4,0,G,S,0,0,2,3,2,3
LOS BAEZ,98904,759,ANEU,PH SP.,6,6,MG,S,0,0,2,1,1.5,1
LOS BAEZ,98908,808,PETH,CESC,1,3,G,F,0,0,2,3,1,1
LOS BAEZ,98908,929,PRBU,CESC,1,1,MG,F,0,0,2,3,0.5,2
LOS BAEZ,98908,1037,SHTA,PSBE,2,0,MG,AB,0,0,1,3,1.5,1
LOS BAEZ,98908,1037,SHTA,PSBE,1,0,MG,AB,0,0,1,3,1.5,1
LOS BAEZ,98915,700,SHTA,MYSP,1,0,MG,F,0,0,2,0,0.5,1
LOS BAEZ,98915,936,SHTA,MYSP,2,0,MG,F,0,0,2,0,1,2
LOS BAEZ,98915,1005,SNPI,BYCO,0,0,0,0,0,0,3,3,5,3
LOS BAEZ,98915,1005,SNPI,BYCO,0,0,0,0,0,0,3,3,5,3
LOS BAEZ,98915,1005,SNPI,BYCO,0,0,0,0,0,0,3,3,5,3
RIO ABAJO,97567,700,SHTA,GUFR,2,0,MG,S,0,0,0,0,1,0
RIO ABAJO,97567,710,SHTA,MICONIA SP.,3,0,MG,S,0,0,1,3,0.5,1
RIO ABAJO,97567,720,SHTA,MICONIA SP.,3,0,MG,S,0,0,1,3,1,1
RIO ABAJO,981019,700,SHTA,MICONIA SP.,2,0,MG,S,0,0,1,3,1,1
RIO ABAJO,981020,135,SHTA,ROBO,2,4,P,S,0,0,3,1,2,0
TABONUCO,981006,755,SHTA,MYSP,3,0,MG,0,0,0,2,3,0,0
TABONUCO,981006,759,SHTA,MYSP,1,0,MG,0,0,0,2,3,0,0
TABONUCO,981006,822,PRTA,MYSP,2,0,MG,0,0,0,0,0,0,0
TABONUCO,981006,1120,SHTA,CESC,2,28,MG,AB,0,0,3,3,4,2
TABONUCO,981006,1127,SHTA,CESC,1,16,MG,S,0,0,0,0,0,0
TABONUCO,981006,1135,ANEU,ANSC,5,0,MG,S,0,0,1,1,1,1
TABONUCO,981007,742,SHTA,MYSP,4,0,MG,AR,0,0,2,3,0,0
TABONUCO,981007,824,SHTA,COAR,1,9,P,C,0,0,1,3,0,0
TABONUCO,981007,902,PRTA,MICONIA SP.,1,0,MG,FU,0,0,1,2,0,0
TALLONAL,34363,1145,SNPI,CODI,0,0,0,0,0,0,0,0,0,0
TALLONAL,34363,1145,SNPI,CODI,0,0,0,0,0,0,0,0,0,0
TALLONAL,97602,735,BWVI,CLRO,1,0,G,C,0,0,3,2,0,0
TALLONAL,97602,641,PRBU,GUGU,1,0,0,AB,0,0,3,3,0,0
TALLONAL,98203,1006,PRBU,BUSI,1,1,MG,S,0,0,3,3,1,1
TALLONAL,98205,1146,PRBU,ALCR,0,0,0,0,0,0,1,3,1,1
TALLONAL,98211,1242,RLTH,CODI,3,0,G,S,0,0,3,2,1,1
TALLONAL,98211,1250,PRBU,FICUS SP.,0,0,0,0,0,0,3,3,1,3
TALLONAL,98211,1255,RLTH,FICUS SP.,0,0,0,0,0,0,3,3,0.5,3
TALLONAL,98212,1057,PRBU,BUSI,2,3,MG,AB,0,3,2,3,2.5,2
TALLONAL,98212,1057,PRBU,BUSI,1,1,G,S,0,0,2,3,2.5,2
TALLONAL,98212,1122,PRBU,BUSI,3,3,G,AB,0,2,2,3,1,1
TALLONAL,98217,800,PRBU,ANSC,1,5,P,FU,0,0,2,2,0,0
TALLONAL,98226,804,PRBU,CODI,1,0,R,0,1,0,2,2,0.5,2
TALLONAL,98226,1019,PRBU,BUSI,1,3,G,AB,0,0,2,2,1.5,2
TALLONAL,98226,1022,PRBU,BUSI,2,4,0,AB,0,0,2,2,0.5,1
TALLONAL,98226,1123,BWVI,BUSI,3,0,G,S,0,0,2,2,0.5,1
TALLONAL,98226,1211,RLTH,OCCO,2,0,G,F,0,0,3,3,2,3
TALLONAL,98304,916,PRBU,ROBO,7,9,G,AB,3,0,2,2,3,0
TALLONAL,98304,1000,PRBU,COGL,1,1,MG,AB,0,0,1,1,0.5,3
TALLONAL,98309,954,BWVI,CLRO,1,5,G,C,0,0,3,3,1,0
TALLONAL,98309,1204,PRBU,CAEL,1,0,M,0,0,0,3,3,4,0
TALLONAL,98316,841,PRBU,CAEL,1,0,M,0,1,0,3,2,0,3
TALLONAL,98316,905,PRBU,COGL,1,0,M,S,0,0,1,3,0.5,1
TALLONAL,98316,906,PRBU,COGL,2,0,M,FU,0,0,1,3,1,1
TALLONAL,98316,1001,BANA,CLRO,1,1,P,C,0,0,3,3,0.5,0
TALLONAL,98316,1005,BANA,CLRO,1,9,P,AB,0,0,2,3,1.5,2
TALLONAL,98316,1008,RLTH,CLRO,1,4,G,C,0,0,2,3,1,3
TALLONAL,98316,1010,BWVI,CLRO,1,2,G,AR,0,0,3,3,1,0
TALLONAL,98316,1015,BWVI,CLRO,1,0,0,0,0,0,3,3,0.5,0
TALLONAL,98316,1124,BWVI,CLRO,2,5,G,AR,0,0,3,3,1,0
TALLONAL,98316,1129,RLTH,CLRO,1,0,0,0,0,0,3,3,1,2
TALLONAL,98316,841,PRBU,CAEL,1,0,M,0,1,0,3,2,0,3
TALLONAL,98316,905,PRBU,COGL,1,0,M,S,0,0,1,3,0.5,1
TALLONAL,98316,906,PRBU,COGL,2,0,M,FU,0,0,1,3,1,1
TALLONAL,98316,1001,BANA,CLRO,1,1,P,C,0,0,3,3,0.5,0
TALLONAL,98316,1005,BANA,CLRO,1,9,P,AB,0,0,2,3,1.5,2
TALLONAL,98316,1008,RLTH,CLRO,1,4,G,C,0,0,2,3,1,3
TALLONAL,98316,1010,BWVI,CLRO,1,2,G,AR,0,0,3,3,1,0
TALLONAL,98316,1015,BWVI,CLRO,1,0,0,0,0,0,3,3,0.5,0
TALLONAL,98316,1124,BWVI,CLRO,2,5,G,AR,0,0,3,3,1,0
TALLONAL,98316,1129,RLTH,CLRO,1,0,0,0,0,0,3,3,1,0
TALLONAL,98323,832,PRBU,GUGU,0,0,0,0,0,0,2,2,1,3
TALLONAL,98323,904,RLTH,CLRO,1,16,G,AR,0,0,3,2,1.5,1
TALLONAL,98323,1114,PRBU,CAEL,2,7,M,S,4,0,3,2,2,1
TALLONAL,98323,1141,PRBU,GUGU,2,1,M,S,0,0,3,2,2,0
TALLONAL,98329,856,PRBU,CLRO,1,3,G,S,0,0,3,2,1.5,3
TALLONAL,98329,930,PRBU,TERE,1,1,MG,S,0,0,2,2,0.5,2
TALLONAL,98329,1007,RLTH,LIBR,3,3,MG,S,0,0,3,2,1.5,0
TALLONAL,98330,927,RLTH,CLRO,0,0,0,0,0,0,3,2,0.5,1
TALLONAL,98330,927,RLTH,CLRO,0,0,0,0,0,0,3,2,0.5,1
TALLONAL,98330,1217,BWVI,CLRO,1,2,P,C,0,0,2,3,0.5,1
TALLONAL,98330,1000,PRBU,COGL,2,0,R,0,2,0,2,2,1,0
TALLONAL,98330,1030,PRBU,CAEL,4,0,M,0,4,0,3,3,0,0
TALLONAL,98427,951,RLTH,CLRO,0,0,0,0,0,0,3,3,1,1
TALLONAL,98427,1144,PRBU,CLRO,1,0,0,0,0,0,3,3,1,1
TALLONAL,98507,940,RLTH,CAEL,1,4,G,S,0,0,3,2,0.5,3
TALLONAL,98507,941,RLTH,CLRO,0,0,0,0,0,0,3,2,0.5,3
TALLONAL,98507,1042,PRBU,CLRO,1,0,P,S,0,0,3,2,1.5,1
TALLONAL,98507,1110,PRBU,CAGU,1,1,P,S,0,0,1,3,0.5,0
TALLONAL,98507,1216,PRBU,CAGU,1,2,MG,AB,0,0,1,2,1,1
TALLONAL,98512,1123,BWVI,CLRO,1,0,0,0,0,0,3,3,0.5,2
TALLONAL,98512,1145,BWVI,CLRO,1,1,P,0,0,0,3,3,0.5,1
TALLONAL,98604,819,PRBU,CLRO,1,6,MG,AR,1,0,2,3,1,3
TALLONAL,98611,746,PRBU,ZAMA,1,0,M,S,0,0,3,3,1,0
TALLONAL,98618,645,PRBU,CLRO,1,4,MG,AR,0,0,3,2,0.5,3
TALLONAL,98622,1055,BWVI,TOLA,3,0,G,F,0,0,3,3,1,2
TALLONAL,98622,1055,BWVI,TOLA,2,0,G,S,0,0,3,3,0.5,2
TALLONAL,98629,953,BWVI,GUSC,3,0,G,S,0,0,3,3,0.5,1
TALLONAL,98629,1059,PRBU,CLRO,2,5,M,AR,2,0,3,2,1,2
TALLONAL,98904,821,PRBU,PI SP.,1,0,M,0,0,0,3,3,1,3
TALLONAL,98904,1203,ANEU,FICUS SP.,0,0,0,0,0,0,3,3,3,3
TALLONAL,98904,1203,ANEU,FICUS SP.,0,0,0,0,0,0,3,3,3,3
TALLONAL,98904,1232,PRBU,AROB,2,0,M,S,0,0,2,3,1.5,1
TALLONAL,98904,1232,PRBU,AROB,1,0,M,S,0,0,2,3,1.5,1
TATO,97529,950,PRBU,TERE,1,1,P,FU,0,0,0,0,0.5,0
TATO,97567,815,BWVI,CLRO,3,1,G,FU,0,0,2,3,0.5,1
TATO,97567,816,BWVI,CLRO,2,1,G,FU,0,0,2,3,0.5,1
TATO,97567,820,BWVI,INVE,1,0,P,AB,0,0,3,3,0.5,2
TATO,97567,700,BWVI,GUGU,1,1,G,FU,0,0,2,3,1,1
TATO,97567,825,BWVI,CLRO,1,3,G,AR,0,0,3,3,1,1
TATO,97567,812,BWVI,GUGU,2,2,G,AB,0,0,3,3,1,1
TATO,97567,920,BWVI,CLRO,1,1,G,C,0,0,3,3,0.5,1
TATO,97567,1110,PRBU,GUGU,3,0,G,AB,0,0,3,3,0.5,1
TATO,97567,854,PRBU,THOC,9,0,MG,FU,0,0,3,3,1.5,1
TATO,97567,747,PRBU,CLRO,1,3,M,AR,1,0,2,3,2,1
TATO,97567,851,PRBU,PEDO,3,0,0,S,2,0,0,0,0.5,0
TATO,97710,750,PRBU,GUGU,2,2,M,AB,2,0,2,2,0,1
TATO,97710,810,PRBU,GUGU,3,4,M,AB,3,0,2,2,3,3
ZUMBADOR,981007,800,PRTA,INVE,1,2,P,AB,0,1,3,3,0,0
ZUMBADOR,981007,847,SHTA,SCMO,2,3,MG,AB,0,0,3,3,0,0
ZUMBADOR,981007,900,SHTA,SCMO,4,6,MG,AB,0,0,3,3,0,0
TALLONAL,981027,938,SNPI,ROBO,0,0,0,C,0,0,3,1,0.5,2
TALLONAL,981027,938,SNPI,ROBO,0,0,0,C,0,0,3,1,0.5,2
TALLONAL,981027,938,SNPI,ROBO,0,0,0,C,0,0,3,1,0.5,2
TALLONAL,981027,1000,RLTH,ROBO,1,0,G,F,0,0,3,0,0.5,2
TALLONAL,981027,1030,SNPI,ROBO,0,0,0,S,0,0,3,1,0.5,0
JOSE COLON,981029,1031,SHTA,AROB,1,0,MG,S,0,0,2,3,0.5,2
JOSE COLON,981029,1031,RLTH,ROBO,2,0,G,F,0,0,3,0,0.5,0
TALLONAL,981104,834,PRBU,AROB,1,0,M,S,0,0,3,3,1,1
TALLONAL,981104,951,SHTA,TERE,5,0,M,S,5,0,3,3,1,1
TALLONAL,981104,1000,SNPI,ROBO,0,0,0,0,0,0,0,0,0,0
TALLONAL,981104,1158,RLTH,ROBO,0,0,0,0,0,0,0,0,0,0
TALLONAL,981109,1035,SNPI,ROBO,0,0,0,0,0,0,3,1,0,2
TALLONAL,981109,1059,SNPI,ROBO,0,0,0,0,0,0,3,1,5,3
TALLONAL,981109,1109,GRKI,ROBO,1,0,G,F,0,0,3,0,0.5,1
TALLONAL,981109,1111,RLTH,ROBO,4,0,G,F,0,0,3,1,1,0
TALLONAL,981109,1111,RLTH,ROBO,10,0,G,F,0,0,3,1,3,1
LOS BAEZ,981117,725,SHTA,MYSP,5,0,MG,AB,0,0,2,3,2,1
CIALITOS,981123,830,SHTA,COAR,1,4,P,S,0,0,1,3,1,2
