Site,Treatment,Plant Species,phylo_dist,Label,Data
1JM1,AcnArb,AcnArb,0,ant,3
1JM1,AcnArb,AcnArb,0,herbivore,4
1JM1,AcnArb,AcnArb,0,phloem_feeder,1
1JM1,AcnArb,AcnArb,0,pollinator,0
1JM1,AcnArb,AcnArb,0,predator,3
1JM1,AcnArbCapBac,AcnArb,35.1,ant,1
1JM1,AcnArbCapBac,AcnArb,35.1,herbivore,5
1JM1,AcnArbCapBac,AcnArb,35.1,phloem_feeder,1
1JM1,AcnArbCapBac,AcnArb,35.1,pollinator,0
1JM1,AcnArbCapBac,AcnArb,35.1,predator,2
1JM1,AcnArbCapBac,CapBac,35.1,ant,0
1JM1,AcnArbCapBac,CapBac,35.1,herbivore,0
1JM1,AcnArbCapBac,CapBac,35.1,phloem_feeder,6
1JM1,AcnArbCapBac,CapBac,35.1,pollinator,0
1JM1,AcnArbCapBac,CapBac,35.1,predator,0
1JM1,AcnArbCasDec,AcnArb,247.5,ant,1
1JM1,AcnArbCasDec,AcnArb,247.5,herbivore,2
1JM1,AcnArbCasDec,AcnArb,247.5,phloem_feeder,4
1JM1,AcnArbCasDec,AcnArb,247.5,pollinator,0
1JM1,AcnArbCasDec,AcnArb,247.5,predator,2
1JM1,AcnArbCasDec,CasDec,247.5,ant,0
1JM1,AcnArbCasDec,CasDec,247.5,herbivore,0
1JM1,AcnArbCasDec,CasDec,247.5,phloem_feeder,0
1JM1,AcnArbCasDec,CasDec,247.5,pollinator,0
1JM1,AcnArbCasDec,CasDec,247.5,predator,2
1JM1,AcnArbCasSyl,AcnArb,247.5,ant,1
1JM1,AcnArbCasSyl,AcnArb,247.5,herbivore,9
1JM1,AcnArbCasSyl,AcnArb,247.5,phloem_feeder,5
1JM1,AcnArbCasSyl,AcnArb,247.5,pollinator,0
1JM1,AcnArbCasSyl,AcnArb,247.5,predator,0
1JM1,AcnArbCasSyl,CasSyl,247.5,ant,0
1JM1,AcnArbCasSyl,CasSyl,247.5,herbivore,1
1JM1,AcnArbCasSyl,CasSyl,247.5,phloem_feeder,3
1JM1,AcnArbCasSyl,CasSyl,247.5,pollinator,0
1JM1,AcnArbCasSyl,CasSyl,247.5,predator,0
1JM1,AcnArbCelIgu,AcnArb,247.5,ant,0
1JM1,AcnArbCelIgu,AcnArb,247.5,herbivore,2
1JM1,AcnArbCelIgu,AcnArb,247.5,phloem_feeder,2
1JM1,AcnArbCelIgu,AcnArb,247.5,pollinator,1
1JM1,AcnArbCelIgu,AcnArb,247.5,predator,0
1JM1,AcnArbCelIgu,CelIgu,247.5,ant,1
1JM1,AcnArbCelIgu,CelIgu,247.5,herbivore,0
1JM1,AcnArbCelIgu,CelIgu,247.5,phloem_feeder,1
1JM1,AcnArbCelIgu,CelIgu,247.5,pollinator,0
1JM1,AcnArbCelIgu,CelIgu,247.5,predator,2
1JM1,AcnArbTreMic,AcnArb,247.5,ant,1
1JM1,AcnArbTreMic,AcnArb,247.5,herbivore,2
1JM1,AcnArbTreMic,AcnArb,247.5,phloem_feeder,0
1JM1,AcnArbTreMic,AcnArb,247.5,pollinator,0
1JM1,AcnArbTreMic,AcnArb,247.5,predator,0
1JM1,AcnArbTreMic,TreMic,247.5,ant,0
1JM1,AcnArbTreMic,TreMic,247.5,herbivore,0
1JM1,AcnArbTreMic,TreMic,247.5,phloem_feeder,1
1JM1,AcnArbTreMic,TreMic,247.5,pollinator,0
1JM1,AcnArbTreMic,TreMic,247.5,predator,0
1JM1,All,AcnArb,460.6,ant,2
1JM1,All,AcnArb,460.6,herbivore,0
1JM1,All,AcnArb,460.6,phloem_feeder,1
1JM1,All,AcnArb,460.6,pollinator,0
1JM1,All,AcnArb,460.6,predator,0
1JM1,All,CapBac,460.6,ant,3
1JM1,All,CapBac,460.6,herbivore,0
1JM1,All,CapBac,460.6,phloem_feeder,0
1JM1,All,CapBac,460.6,pollinator,0
1JM1,All,CapBac,460.6,predator,0
1JM1,All,CasSyl,460.6,ant,0
1JM1,All,CasSyl,460.6,herbivore,0
1JM1,All,CasSyl,460.6,phloem_feeder,1
1JM1,All,CasSyl,460.6,pollinator,0
1JM1,All,CasSyl,460.6,predator,0
1JM1,CapBac,CapBac,0,ant,1
1JM1,CapBac,CapBac,0,herbivore,1
1JM1,CapBac,CapBac,0,phloem_feeder,13
1JM1,CapBac,CapBac,0,pollinator,1
1JM1,CapBac,CapBac,0,predator,0
1JM1,CapBacCasDec,CapBac,247.5,ant,0
1JM1,CapBacCasDec,CapBac,247.5,herbivore,2
1JM1,CapBacCasDec,CapBac,247.5,phloem_feeder,1
1JM1,CapBacCasDec,CapBac,247.5,pollinator,0
1JM1,CapBacCasDec,CapBac,247.5,predator,0
1JM1,CapBacCasSyl,CapBac,247.5,ant,0
1JM1,CapBacCasSyl,CapBac,247.5,herbivore,1
1JM1,CapBacCasSyl,CapBac,247.5,phloem_feeder,6
1JM1,CapBacCasSyl,CapBac,247.5,pollinator,0
1JM1,CapBacCasSyl,CapBac,247.5,predator,0
1JM1,CapBacCelIgu,CapBac,247.5,ant,0
1JM1,CapBacCelIgu,CapBac,247.5,herbivore,0
1JM1,CapBacCelIgu,CapBac,247.5,phloem_feeder,2
1JM1,CapBacCelIgu,CapBac,247.5,pollinator,1
1JM1,CapBacCelIgu,CapBac,247.5,predator,1
1JM1,CapBacTreMic,CapBac,247.5,ant,0
1JM1,CapBacTreMic,CapBac,247.5,herbivore,1
1JM1,CapBacTreMic,CapBac,247.5,phloem_feeder,0
1JM1,CapBacTreMic,CapBac,247.5,pollinator,0
1JM1,CapBacTreMic,CapBac,247.5,predator,0
1JM1,CapBacTreMic,TreMic,247.5,ant,0
1JM1,CapBacTreMic,TreMic,247.5,herbivore,1
1JM1,CapBacTreMic,TreMic,247.5,phloem_feeder,2
1JM1,CapBacTreMic,TreMic,247.5,pollinator,0
1JM1,CapBacTreMic,TreMic,247.5,predator,0
1JM1,CasDec,CasDec,0,ant,1
1JM1,CasDec,CasDec,0,herbivore,2
1JM1,CasDec,CasDec,0,phloem_feeder,1
1JM1,CasDec,CasDec,0,pollinator,0
1JM1,CasDec,CasDec,0,predator,0
1JM1,CasDecCasSyl,CasSyl,25.3,ant,0
1JM1,CasDecCasSyl,CasSyl,25.3,herbivore,1
1JM1,CasDecCasSyl,CasSyl,25.3,phloem_feeder,2
1JM1,CasDecCasSyl,CasSyl,25.3,pollinator,0
1JM1,CasDecCasSyl,CasSyl,25.3,predator,0
1JM1,CasDecCelIgu,CasDec,231.6,ant,0
1JM1,CasDecCelIgu,CasDec,231.6,herbivore,0
1JM1,CasDecCelIgu,CasDec,231.6,phloem_feeder,0
1JM1,CasDecCelIgu,CasDec,231.6,pollinator,0
1JM1,CasDecCelIgu,CasDec,231.6,predator,1
1JM1,CasDecCelIgu,CelIgu,231.6,ant,1
1JM1,CasDecCelIgu,CelIgu,231.6,herbivore,3
1JM1,CasDecCelIgu,CelIgu,231.6,phloem_feeder,3
1JM1,CasDecCelIgu,CelIgu,231.6,pollinator,0
1JM1,CasDecCelIgu,CelIgu,231.6,predator,0
1JM1,CasDecTreMic,CasDec,231.6,ant,0
1JM1,CasDecTreMic,CasDec,231.6,herbivore,1
1JM1,CasDecTreMic,CasDec,231.6,phloem_feeder,1
1JM1,CasDecTreMic,CasDec,231.6,pollinator,0
1JM1,CasDecTreMic,CasDec,231.6,predator,0
1JM1,CasDecTreMic,TreMic,231.6,ant,0
1JM1,CasDecTreMic,TreMic,231.6,herbivore,1
1JM1,CasDecTreMic,TreMic,231.6,phloem_feeder,1
1JM1,CasDecTreMic,TreMic,231.6,pollinator,0
1JM1,CasDecTreMic,TreMic,231.6,predator,0
1JM1,CasSyl,CasSyl,0,ant,0
1JM1,CasSyl,CasSyl,0,herbivore,1
1JM1,CasSyl,CasSyl,0,phloem_feeder,2
1JM1,CasSyl,CasSyl,0,pollinator,0
1JM1,CasSyl,CasSyl,0,predator,0
1JM1,CasSylCelIgu,CelIgu,231.6,ant,0
1JM1,CasSylCelIgu,CelIgu,231.6,herbivore,1
1JM1,CasSylCelIgu,CelIgu,231.6,phloem_feeder,1
1JM1,CasSylCelIgu,CelIgu,231.6,pollinator,0
1JM1,CasSylCelIgu,CelIgu,231.6,predator,0
1JM1,CasSylTreMic,TreMic,231.6,ant,0
1JM1,CasSylTreMic,TreMic,231.6,herbivore,5
1JM1,CasSylTreMic,TreMic,231.6,phloem_feeder,2
1JM1,CasSylTreMic,TreMic,231.6,pollinator,0
1JM1,CasSylTreMic,TreMic,231.6,predator,0
1JM1,CelIgu,CelIgu,0,ant,1
1JM1,CelIgu,CelIgu,0,herbivore,4
1JM1,CelIgu,CelIgu,0,phloem_feeder,1
1JM1,CelIgu,CelIgu,0,pollinator,1
1JM1,CelIgu,CelIgu,0,predator,0
1JM1,CelIguTreMic,CelIgu,134.3,ant,0
1JM1,CelIguTreMic,CelIgu,134.3,herbivore,0
1JM1,CelIguTreMic,CelIgu,134.3,phloem_feeder,2
1JM1,CelIguTreMic,CelIgu,134.3,pollinator,0
1JM1,CelIguTreMic,CelIgu,134.3,predator,0
1JM1,CelIguTreMic,TreMic,134.3,ant,0
1JM1,CelIguTreMic,TreMic,134.3,herbivore,0
1JM1,CelIguTreMic,TreMic,134.3,phloem_feeder,4
1JM1,CelIguTreMic,TreMic,134.3,pollinator,0
1JM1,CelIguTreMic,TreMic,134.3,predator,0
2JM2,AcnArb,AcnArb,0,ant,1
2JM2,AcnArb,AcnArb,0,herbivore,2
2JM2,AcnArb,AcnArb,0,phloem_feeder,3
2JM2,AcnArb,AcnArb,0,pollinator,0
2JM2,AcnArb,AcnArb,0,predator,1
2JM2,AcnArbCapBac,AcnArb,35.1,ant,1
2JM2,AcnArbCapBac,AcnArb,35.1,herbivore,1
2JM2,AcnArbCapBac,AcnArb,35.1,phloem_feeder,0
2JM2,AcnArbCapBac,AcnArb,35.1,pollinator,0
2JM2,AcnArbCapBac,AcnArb,35.1,predator,0
2JM2,AcnArbCapBac,CapBac,35.1,ant,0
2JM2,AcnArbCapBac,CapBac,35.1,herbivore,0
2JM2,AcnArbCapBac,CapBac,35.1,phloem_feeder,1
2JM2,AcnArbCapBac,CapBac,35.1,pollinator,0
2JM2,AcnArbCapBac,CapBac,35.1,predator,1
2JM2,AcnArbCasDec,AcnArb,247.5,ant,1
2JM2,AcnArbCasDec,AcnArb,247.5,herbivore,0
2JM2,AcnArbCasDec,AcnArb,247.5,phloem_feeder,1
2JM2,AcnArbCasDec,AcnArb,247.5,pollinator,0
2JM2,AcnArbCasDec,AcnArb,247.5,predator,0
2JM2,AcnArbCasDec,CasDec,247.5,ant,0
2JM2,AcnArbCasDec,CasDec,247.5,herbivore,0
2JM2,AcnArbCasDec,CasDec,247.5,phloem_feeder,0
2JM2,AcnArbCasDec,CasDec,247.5,pollinator,0
2JM2,AcnArbCasDec,CasDec,247.5,predator,1
2JM2,AcnArbCasSyl,AcnArb,247.5,ant,2
2JM2,AcnArbCasSyl,AcnArb,247.5,herbivore,1
2JM2,AcnArbCasSyl,AcnArb,247.5,phloem_feeder,2
2JM2,AcnArbCasSyl,AcnArb,247.5,pollinator,0
2JM2,AcnArbCasSyl,AcnArb,247.5,predator,2
2JM2,AcnArbCasSyl,CasSyl,247.5,ant,1
2JM2,AcnArbCasSyl,CasSyl,247.5,herbivore,0
2JM2,AcnArbCasSyl,CasSyl,247.5,phloem_feeder,1
2JM2,AcnArbCasSyl,CasSyl,247.5,pollinator,0
2JM2,AcnArbCasSyl,CasSyl,247.5,predator,0
2JM2,AcnArbCelIgu,AcnArb,247.5,ant,0
2JM2,AcnArbCelIgu,AcnArb,247.5,herbivore,1
2JM2,AcnArbCelIgu,AcnArb,247.5,phloem_feeder,2
2JM2,AcnArbCelIgu,AcnArb,247.5,pollinator,0
2JM2,AcnArbCelIgu,AcnArb,247.5,predator,0
2JM2,AcnArbTreMic,AcnArb,247.5,ant,1
2JM2,AcnArbTreMic,AcnArb,247.5,herbivore,0
2JM2,AcnArbTreMic,AcnArb,247.5,phloem_feeder,3
2JM2,AcnArbTreMic,AcnArb,247.5,pollinator,0
2JM2,AcnArbTreMic,AcnArb,247.5,predator,0
2JM2,AcnArbTreMic,TreMic,247.5,ant,0
2JM2,AcnArbTreMic,TreMic,247.5,herbivore,0
2JM2,AcnArbTreMic,TreMic,247.5,phloem_feeder,0
2JM2,AcnArbTreMic,TreMic,247.5,pollinator,1
2JM2,AcnArbTreMic,TreMic,247.5,predator,0
2JM2,All,AcnArb,460.6,ant,0
2JM2,All,AcnArb,460.6,herbivore,0
2JM2,All,AcnArb,460.6,phloem_feeder,1
2JM2,All,AcnArb,460.6,pollinator,0
2JM2,All,AcnArb,460.6,predator,0
2JM2,All,CapBac,460.6,ant,1
2JM2,All,CapBac,460.6,herbivore,1
2JM2,All,CapBac,460.6,phloem_feeder,1
2JM2,All,CapBac,460.6,pollinator,0
2JM2,All,CapBac,460.6,predator,0
2JM2,All,CasDec,460.6,ant,0
2JM2,All,CasDec,460.6,herbivore,0
2JM2,All,CasDec,460.6,phloem_feeder,2
2JM2,All,CasDec,460.6,pollinator,0
2JM2,All,CasDec,460.6,predator,0
2JM2,All,CasSyl,460.6,ant,0
2JM2,All,CasSyl,460.6,herbivore,0
2JM2,All,CasSyl,460.6,phloem_feeder,1
2JM2,All,CasSyl,460.6,pollinator,0
2JM2,All,CasSyl,460.6,predator,0
2JM2,All,CelIgu,460.6,ant,0
2JM2,All,CelIgu,460.6,herbivore,2
2JM2,All,CelIgu,460.6,phloem_feeder,0
2JM2,All,CelIgu,460.6,pollinator,0
2JM2,All,CelIgu,460.6,predator,0
2JM2,CapBac,CapBac,0,ant,0
2JM2,CapBac,CapBac,0,herbivore,0
2JM2,CapBac,CapBac,0,phloem_feeder,2
2JM2,CapBac,CapBac,0,pollinator,0
2JM2,CapBac,CapBac,0,predator,0
2JM2,CapBacCasDec,CapBac,247.5,ant,0
2JM2,CapBacCasDec,CapBac,247.5,herbivore,1
2JM2,CapBacCasDec,CapBac,247.5,phloem_feeder,0
2JM2,CapBacCasDec,CapBac,247.5,pollinator,1
2JM2,CapBacCasDec,CapBac,247.5,predator,0
2JM2,CapBacCasSyl,CapBac,247.5,ant,0
2JM2,CapBacCasSyl,CapBac,247.5,herbivore,1
2JM2,CapBacCasSyl,CapBac,247.5,phloem_feeder,0
2JM2,CapBacCasSyl,CapBac,247.5,pollinator,0
2JM2,CapBacCasSyl,CapBac,247.5,predator,0
2JM2,CapBacCasSyl,CasSyl,247.5,ant,0
2JM2,CapBacCasSyl,CasSyl,247.5,herbivore,1
2JM2,CapBacCasSyl,CasSyl,247.5,phloem_feeder,1
2JM2,CapBacCasSyl,CasSyl,247.5,pollinator,0
2JM2,CapBacCasSyl,CasSyl,247.5,predator,0
2JM2,CapBacCelIgu,CapBac,247.5,ant,0
2JM2,CapBacCelIgu,CapBac,247.5,herbivore,1
2JM2,CapBacCelIgu,CapBac,247.5,phloem_feeder,1
2JM2,CapBacCelIgu,CapBac,247.5,pollinator,0
2JM2,CapBacCelIgu,CapBac,247.5,predator,0
2JM2,CapBacCelIgu,CelIgu,247.5,ant,0
2JM2,CapBacCelIgu,CelIgu,247.5,herbivore,2
2JM2,CapBacCelIgu,CelIgu,247.5,phloem_feeder,2
2JM2,CapBacCelIgu,CelIgu,247.5,pollinator,0
2JM2,CapBacCelIgu,CelIgu,247.5,predator,0
2JM2,CapBacTreMic,TreMic,247.5,ant,0
2JM2,CapBacTreMic,TreMic,247.5,herbivore,0
2JM2,CapBacTreMic,TreMic,247.5,phloem_feeder,1
2JM2,CapBacTreMic,TreMic,247.5,pollinator,1
2JM2,CapBacTreMic,TreMic,247.5,predator,0
2JM2,CasDec,CasDec,0,ant,2
2JM2,CasDec,CasDec,0,herbivore,0
2JM2,CasDec,CasDec,0,phloem_feeder,2
2JM2,CasDec,CasDec,0,pollinator,0
2JM2,CasDec,CasDec,0,predator,0
2JM2,CasDecCasSyl,CasDec,25.3,ant,1
2JM2,CasDecCasSyl,CasDec,25.3,herbivore,0
2JM2,CasDecCasSyl,CasDec,25.3,phloem_feeder,0
2JM2,CasDecCasSyl,CasDec,25.3,pollinator,0
2JM2,CasDecCasSyl,CasDec,25.3,predator,0
2JM2,CasDecCelIgu,CasDec,231.6,ant,0
2JM2,CasDecCelIgu,CasDec,231.6,herbivore,1
2JM2,CasDecCelIgu,CasDec,231.6,phloem_feeder,0
2JM2,CasDecCelIgu,CasDec,231.6,pollinator,0
2JM2,CasDecCelIgu,CasDec,231.6,predator,0
2JM2,CasDecCelIgu,CelIgu,231.6,ant,0
2JM2,CasDecCelIgu,CelIgu,231.6,herbivore,0
2JM2,CasDecCelIgu,CelIgu,231.6,phloem_feeder,0
2JM2,CasDecCelIgu,CelIgu,231.6,pollinator,0
2JM2,CasDecCelIgu,CelIgu,231.6,predator,1
2JM2,CasDecTreMic,CasDec,231.6,ant,0
2JM2,CasDecTreMic,CasDec,231.6,herbivore,0
2JM2,CasDecTreMic,CasDec,231.6,phloem_feeder,0
2JM2,CasDecTreMic,CasDec,231.6,pollinator,0
2JM2,CasDecTreMic,CasDec,231.6,predator,1
2JM2,CasDecTreMic,TreMic,231.6,ant,1
2JM2,CasDecTreMic,TreMic,231.6,herbivore,0
2JM2,CasDecTreMic,TreMic,231.6,phloem_feeder,4
2JM2,CasDecTreMic,TreMic,231.6,pollinator,2
2JM2,CasDecTreMic,TreMic,231.6,predator,0
2JM2,CasSyl,CasSyl,0,ant,1
2JM2,CasSyl,CasSyl,0,herbivore,1
2JM2,CasSyl,CasSyl,0,phloem_feeder,0
2JM2,CasSyl,CasSyl,0,pollinator,0
2JM2,CasSyl,CasSyl,0,predator,1
2JM2,CasSylCelIgu,CasSyl,231.6,ant,0
2JM2,CasSylCelIgu,CasSyl,231.6,herbivore,1
2JM2,CasSylCelIgu,CasSyl,231.6,phloem_feeder,0
2JM2,CasSylCelIgu,CasSyl,231.6,pollinator,0
2JM2,CasSylCelIgu,CasSyl,231.6,predator,0
2JM2,CasSylCelIgu,CelIgu,231.6,ant,1
2JM2,CasSylCelIgu,CelIgu,231.6,herbivore,2
2JM2,CasSylCelIgu,CelIgu,231.6,phloem_feeder,1
2JM2,CasSylCelIgu,CelIgu,231.6,pollinator,0
2JM2,CasSylCelIgu,CelIgu,231.6,predator,0
2JM2,CasSylTreMic,CasSyl,231.6,ant,0
2JM2,CasSylTreMic,CasSyl,231.6,herbivore,0
2JM2,CasSylTreMic,CasSyl,231.6,phloem_feeder,2
2JM2,CasSylTreMic,CasSyl,231.6,pollinator,0
2JM2,CasSylTreMic,CasSyl,231.6,predator,0
2JM2,CasSylTreMic,TreMic,231.6,ant,3
2JM2,CasSylTreMic,TreMic,231.6,herbivore,1
2JM2,CasSylTreMic,TreMic,231.6,phloem_feeder,5
2JM2,CasSylTreMic,TreMic,231.6,pollinator,0
2JM2,CasSylTreMic,TreMic,231.6,predator,0
2JM2,CelIgu,CelIgu,0,ant,0
2JM2,CelIgu,CelIgu,0,herbivore,0
2JM2,CelIgu,CelIgu,0,phloem_feeder,0
2JM2,CelIgu,CelIgu,0,pollinator,1
2JM2,CelIgu,CelIgu,0,predator,0
2JM2,CelIguTreMic,CelIgu,134.3,ant,1
2JM2,CelIguTreMic,CelIgu,134.3,herbivore,0
2JM2,CelIguTreMic,CelIgu,134.3,phloem_feeder,0
2JM2,CelIguTreMic,CelIgu,134.3,pollinator,1
2JM2,CelIguTreMic,CelIgu,134.3,predator,0
2JM2,CelIguTreMic,TreMic,134.3,ant,0
2JM2,CelIguTreMic,TreMic,134.3,herbivore,2
2JM2,CelIguTreMic,TreMic,134.3,phloem_feeder,1
2JM2,CelIguTreMic,TreMic,134.3,pollinator,1
2JM2,CelIguTreMic,TreMic,134.3,predator,0
2JM2,TreMic,TreMic,0,ant,2
2JM2,TreMic,TreMic,0,herbivore,1
2JM2,TreMic,TreMic,0,phloem_feeder,2
2JM2,TreMic,TreMic,0,pollinator,1
2JM2,TreMic,TreMic,0,predator,0
3SS,AcnArb,AcnArb,0,ant,0
3SS,AcnArb,AcnArb,0,herbivore,1
3SS,AcnArb,AcnArb,0,phloem_feeder,3
3SS,AcnArb,AcnArb,0,pollinator,0
3SS,AcnArb,AcnArb,0,predator,0
3SS,AcnArbCapBac,AcnArb,35.1,ant,0
3SS,AcnArbCapBac,AcnArb,35.1,herbivore,2
3SS,AcnArbCapBac,AcnArb,35.1,phloem_feeder,0
3SS,AcnArbCapBac,AcnArb,35.1,pollinator,0
3SS,AcnArbCapBac,AcnArb,35.1,predator,0
3SS,AcnArbCapBac,CapBac,35.1,ant,0
3SS,AcnArbCapBac,CapBac,35.1,herbivore,0
3SS,AcnArbCapBac,CapBac,35.1,phloem_feeder,3
3SS,AcnArbCapBac,CapBac,35.1,pollinator,0
3SS,AcnArbCapBac,CapBac,35.1,predator,0
3SS,AcnArbCasDec,AcnArb,247.5,ant,0
3SS,AcnArbCasDec,AcnArb,247.5,herbivore,0
3SS,AcnArbCasDec,AcnArb,247.5,phloem_feeder,1
3SS,AcnArbCasDec,AcnArb,247.5,pollinator,1
3SS,AcnArbCasDec,AcnArb,247.5,predator,0
3SS,AcnArbCasSyl,AcnArb,247.5,ant,0
3SS,AcnArbCasSyl,AcnArb,247.5,herbivore,1
3SS,AcnArbCasSyl,AcnArb,247.5,phloem_feeder,0
3SS,AcnArbCasSyl,AcnArb,247.5,pollinator,0
3SS,AcnArbCasSyl,AcnArb,247.5,predator,0
3SS,AcnArbCelIgu,CelIgu,247.5,ant,0
3SS,AcnArbCelIgu,CelIgu,247.5,herbivore,0
3SS,AcnArbCelIgu,CelIgu,247.5,phloem_feeder,0
3SS,AcnArbCelIgu,CelIgu,247.5,pollinator,0
3SS,AcnArbCelIgu,CelIgu,247.5,predator,1
3SS,AcnArbTreMic,AcnArb,247.5,ant,1
3SS,AcnArbTreMic,AcnArb,247.5,herbivore,1
3SS,AcnArbTreMic,AcnArb,247.5,phloem_feeder,3
3SS,AcnArbTreMic,AcnArb,247.5,pollinator,0
3SS,AcnArbTreMic,AcnArb,247.5,predator,0
3SS,All,CapBac,460.6,ant,1
3SS,All,CapBac,460.6,herbivore,1
3SS,All,CapBac,460.6,phloem_feeder,0
3SS,All,CapBac,460.6,pollinator,0
3SS,All,CapBac,460.6,predator,0
3SS,All,CasDec,460.6,ant,1
3SS,All,CasDec,460.6,herbivore,0
3SS,All,CasDec,460.6,phloem_feeder,0
3SS,All,CasDec,460.6,pollinator,0
3SS,All,CasDec,460.6,predator,0
3SS,All,CasSyl,460.6,ant,0
3SS,All,CasSyl,460.6,herbivore,1
3SS,All,CasSyl,460.6,phloem_feeder,1
3SS,All,CasSyl,460.6,pollinator,0
3SS,All,CasSyl,460.6,predator,0
3SS,All,TreMic,460.6,ant,1
3SS,All,TreMic,460.6,herbivore,0
3SS,All,TreMic,460.6,phloem_feeder,2
3SS,All,TreMic,460.6,pollinator,0
3SS,All,TreMic,460.6,predator,0
3SS,CapBac,CapBac,0,ant,0
3SS,CapBac,CapBac,0,herbivore,1
3SS,CapBac,CapBac,0,phloem_feeder,2
3SS,CapBac,CapBac,0,pollinator,0
3SS,CapBac,CapBac,0,predator,0
3SS,CapBacCasDec,CapBac,247.5,ant,0
3SS,CapBacCasDec,CapBac,247.5,herbivore,0
3SS,CapBacCasDec,CapBac,247.5,phloem_feeder,2
3SS,CapBacCasDec,CapBac,247.5,pollinator,0
3SS,CapBacCasDec,CapBac,247.5,predator,0
3SS,CapBacCasSyl,CapBac,247.5,ant,0
3SS,CapBacCasSyl,CapBac,247.5,herbivore,0
3SS,CapBacCasSyl,CapBac,247.5,phloem_feeder,1
3SS,CapBacCasSyl,CapBac,247.5,pollinator,0
3SS,CapBacCasSyl,CapBac,247.5,predator,0
3SS,CapBacCasSyl,CasSyl,247.5,ant,0
3SS,CapBacCasSyl,CasSyl,247.5,herbivore,1
3SS,CapBacCasSyl,CasSyl,247.5,phloem_feeder,0
3SS,CapBacCasSyl,CasSyl,247.5,pollinator,0
3SS,CapBacCasSyl,CasSyl,247.5,predator,0
3SS,CapBacCelIgu,CapBac,247.5,ant,0
3SS,CapBacCelIgu,CapBac,247.5,herbivore,0
3SS,CapBacCelIgu,CapBac,247.5,phloem_feeder,2
3SS,CapBacCelIgu,CapBac,247.5,pollinator,0
3SS,CapBacCelIgu,CapBac,247.5,predator,0
3SS,CapBacCelIgu,CelIgu,247.5,ant,0
3SS,CapBacCelIgu,CelIgu,247.5,herbivore,0
3SS,CapBacCelIgu,CelIgu,247.5,phloem_feeder,1
3SS,CapBacCelIgu,CelIgu,247.5,pollinator,0
3SS,CapBacCelIgu,CelIgu,247.5,predator,1
3SS,CapBacTreMic,CapBac,247.5,ant,0
3SS,CapBacTreMic,CapBac,247.5,herbivore,0
3SS,CapBacTreMic,CapBac,247.5,phloem_feeder,1
3SS,CapBacTreMic,CapBac,247.5,pollinator,0
3SS,CapBacTreMic,CapBac,247.5,predator,0
3SS,CasDec,CasDec,0,ant,0
3SS,CasDec,CasDec,0,herbivore,0
3SS,CasDec,CasDec,0,phloem_feeder,2
3SS,CasDec,CasDec,0,pollinator,0
3SS,CasDec,CasDec,0,predator,0
3SS,CasDecCasSyl,CasDec,25.3,ant,0
3SS,CasDecCasSyl,CasDec,25.3,herbivore,0
3SS,CasDecCasSyl,CasDec,25.3,phloem_feeder,2
3SS,CasDecCasSyl,CasDec,25.3,pollinator,0
3SS,CasDecCasSyl,CasDec,25.3,predator,0
3SS,CasDecCelIgu,CelIgu,231.6,ant,0
3SS,CasDecCelIgu,CelIgu,231.6,herbivore,1
3SS,CasDecCelIgu,CelIgu,231.6,phloem_feeder,1
3SS,CasDecCelIgu,CelIgu,231.6,pollinator,0
3SS,CasDecCelIgu,CelIgu,231.6,predator,0
3SS,CasDecTreMic,TreMic,231.6,ant,0
3SS,CasDecTreMic,TreMic,231.6,herbivore,0
3SS,CasDecTreMic,TreMic,231.6,phloem_feeder,0
3SS,CasDecTreMic,TreMic,231.6,pollinator,1
3SS,CasDecTreMic,TreMic,231.6,predator,0
3SS,CasSyl,CasSyl,0,ant,0
3SS,CasSyl,CasSyl,0,herbivore,0
3SS,CasSyl,CasSyl,0,phloem_feeder,2
3SS,CasSyl,CasSyl,0,pollinator,0
3SS,CasSyl,CasSyl,0,predator,0
3SS,CasSylCelIgu,CasSyl,231.6,ant,1
3SS,CasSylCelIgu,CasSyl,231.6,herbivore,0
3SS,CasSylCelIgu,CasSyl,231.6,phloem_feeder,0
3SS,CasSylCelIgu,CasSyl,231.6,pollinator,0
3SS,CasSylCelIgu,CasSyl,231.6,predator,0
3SS,CasSylTreMic,CasSyl,231.6,ant,0
3SS,CasSylTreMic,CasSyl,231.6,herbivore,0
3SS,CasSylTreMic,CasSyl,231.6,phloem_feeder,2
3SS,CasSylTreMic,CasSyl,231.6,pollinator,0
3SS,CasSylTreMic,CasSyl,231.6,predator,0
3SS,CelIgu,CelIgu,0,ant,1
3SS,CelIgu,CelIgu,0,herbivore,1
3SS,CelIgu,CelIgu,0,phloem_feeder,3
3SS,CelIgu,CelIgu,0,pollinator,0
3SS,CelIgu,CelIgu,0,predator,1
3SS,CelIguTreMic,TreMic,134.3,ant,0
3SS,CelIguTreMic,TreMic,134.3,herbivore,0
3SS,CelIguTreMic,TreMic,134.3,phloem_feeder,1
3SS,CelIguTreMic,TreMic,134.3,pollinator,0
3SS,CelIguTreMic,TreMic,134.3,predator,0
3SS,TreMic,TreMic,0,ant,1
3SS,TreMic,TreMic,0,herbivore,0
3SS,TreMic,TreMic,0,phloem_feeder,1
3SS,TreMic,TreMic,0,pollinator,0
3SS,TreMic,TreMic,0,predator,1
4AJ,AcnArb,AcnArb,0,ant,1
4AJ,AcnArb,AcnArb,0,herbivore,2
4AJ,AcnArb,AcnArb,0,phloem_feeder,2
4AJ,AcnArb,AcnArb,0,pollinator,0
4AJ,AcnArb,AcnArb,0,predator,0
4AJ,AcnArbCapBac,AcnArb,35.1,ant,0
4AJ,AcnArbCapBac,AcnArb,35.1,herbivore,0
4AJ,AcnArbCapBac,AcnArb,35.1,phloem_feeder,1
4AJ,AcnArbCapBac,AcnArb,35.1,pollinator,0
4AJ,AcnArbCapBac,AcnArb,35.1,predator,0
4AJ,AcnArbCapBac,CapBac,35.1,ant,0
4AJ,AcnArbCapBac,CapBac,35.1,herbivore,0
4AJ,AcnArbCapBac,CapBac,35.1,phloem_feeder,1
4AJ,AcnArbCapBac,CapBac,35.1,pollinator,0
4AJ,AcnArbCapBac,CapBac,35.1,predator,0
4AJ,AcnArbCasDec,AcnArb,247.5,ant,2
4AJ,AcnArbCasDec,AcnArb,247.5,herbivore,0
4AJ,AcnArbCasDec,AcnArb,247.5,phloem_feeder,3
4AJ,AcnArbCasDec,AcnArb,247.5,pollinator,0
4AJ,AcnArbCasDec,AcnArb,247.5,predator,0
4AJ,AcnArbCasSyl,AcnArb,247.5,ant,1
4AJ,AcnArbCasSyl,AcnArb,247.5,herbivore,0
4AJ,AcnArbCasSyl,AcnArb,247.5,phloem_feeder,4
4AJ,AcnArbCasSyl,AcnArb,247.5,pollinator,0
4AJ,AcnArbCasSyl,AcnArb,247.5,predator,0
4AJ,AcnArbCasSyl,CasSyl,247.5,ant,0
4AJ,AcnArbCasSyl,CasSyl,247.5,herbivore,0
4AJ,AcnArbCasSyl,CasSyl,247.5,phloem_feeder,0
4AJ,AcnArbCasSyl,CasSyl,247.5,pollinator,0
4AJ,AcnArbCasSyl,CasSyl,247.5,predator,1
4AJ,AcnArbCelIgu,AcnArb,247.5,ant,1
4AJ,AcnArbCelIgu,AcnArb,247.5,herbivore,1
4AJ,AcnArbCelIgu,AcnArb,247.5,phloem_feeder,0
4AJ,AcnArbCelIgu,AcnArb,247.5,pollinator,0
4AJ,AcnArbCelIgu,AcnArb,247.5,predator,0
4AJ,AcnArbTreMic,AcnArb,247.5,ant,2
4AJ,AcnArbTreMic,AcnArb,247.5,herbivore,2
4AJ,AcnArbTreMic,AcnArb,247.5,phloem_feeder,6
4AJ,AcnArbTreMic,AcnArb,247.5,pollinator,0
4AJ,AcnArbTreMic,AcnArb,247.5,predator,0
4AJ,AcnArbTreMic,TreMic,247.5,ant,0
4AJ,AcnArbTreMic,TreMic,247.5,herbivore,1
4AJ,AcnArbTreMic,TreMic,247.5,phloem_feeder,0
4AJ,AcnArbTreMic,TreMic,247.5,pollinator,0
4AJ,AcnArbTreMic,TreMic,247.5,predator,0
4AJ,All,AcnArb,460.6,ant,3
4AJ,All,AcnArb,460.6,herbivore,1
4AJ,All,AcnArb,460.6,phloem_feeder,8
4AJ,All,AcnArb,460.6,pollinator,1
4AJ,All,AcnArb,460.6,predator,1
4AJ,All,CapBac,460.6,ant,0
4AJ,All,CapBac,460.6,herbivore,3
4AJ,All,CapBac,460.6,phloem_feeder,1
4AJ,All,CapBac,460.6,pollinator,1
4AJ,All,CapBac,460.6,predator,1
4AJ,All,CelIgu,460.6,ant,1
4AJ,All,CelIgu,460.6,herbivore,0
4AJ,All,CelIgu,460.6,phloem_feeder,0
4AJ,All,CelIgu,460.6,pollinator,0
4AJ,All,CelIgu,460.6,predator,0
4AJ,All,TreMic,460.6,ant,0
4AJ,All,TreMic,460.6,herbivore,0
4AJ,All,TreMic,460.6,phloem_feeder,0
4AJ,All,TreMic,460.6,pollinator,0
4AJ,All,TreMic,460.6,predator,1
4AJ,CapBac,CapBac,0,ant,1
4AJ,CapBac,CapBac,0,herbivore,0
4AJ,CapBac,CapBac,0,phloem_feeder,0
4AJ,CapBac,CapBac,0,pollinator,0
4AJ,CapBac,CapBac,0,predator,0
4AJ,CapBacCasDec,CapBac,247.5,ant,0
4AJ,CapBacCasDec,CapBac,247.5,herbivore,0
4AJ,CapBacCasDec,CapBac,247.5,phloem_feeder,0
4AJ,CapBacCasDec,CapBac,247.5,pollinator,0
4AJ,CapBacCasDec,CapBac,247.5,predator,1
4AJ,CapBacCasSyl,CasSyl,247.5,ant,0
4AJ,CapBacCasSyl,CasSyl,247.5,herbivore,1
4AJ,CapBacCasSyl,CasSyl,247.5,phloem_feeder,0
4AJ,CapBacCasSyl,CasSyl,247.5,pollinator,0
4AJ,CapBacCasSyl,CasSyl,247.5,predator,0
4AJ,CapBacCelIgu,CapBac,247.5,ant,1
4AJ,CapBacCelIgu,CapBac,247.5,herbivore,0
4AJ,CapBacCelIgu,CapBac,247.5,phloem_feeder,0
4AJ,CapBacCelIgu,CapBac,247.5,pollinator,0
4AJ,CapBacCelIgu,CapBac,247.5,predator,1
4AJ,CapBacTreMic,TreMic,247.5,ant,0
4AJ,CapBacTreMic,TreMic,247.5,herbivore,0
4AJ,CapBacTreMic,TreMic,247.5,phloem_feeder,2
4AJ,CapBacTreMic,TreMic,247.5,pollinator,0
4AJ,CapBacTreMic,TreMic,247.5,predator,0
4AJ,CasDec,CasDec,0,ant,0
4AJ,CasDec,CasDec,0,herbivore,0
4AJ,CasDec,CasDec,0,phloem_feeder,1
4AJ,CasDec,CasDec,0,pollinator,0
4AJ,CasDec,CasDec,0,predator,0
4AJ,CasDecCasSyl,CasSyl,25.3,ant,0
4AJ,CasDecCasSyl,CasSyl,25.3,herbivore,0
4AJ,CasDecCasSyl,CasSyl,25.3,phloem_feeder,1
4AJ,CasDecCasSyl,CasSyl,25.3,pollinator,0
4AJ,CasDecCasSyl,CasSyl,25.3,predator,0
4AJ,CasDecTreMic,CasDec,231.6,ant,0
4AJ,CasDecTreMic,CasDec,231.6,herbivore,0
4AJ,CasDecTreMic,CasDec,231.6,phloem_feeder,0
4AJ,CasDecTreMic,CasDec,231.6,pollinator,1
4AJ,CasDecTreMic,CasDec,231.6,predator,0
4AJ,CasDecTreMic,TreMic,231.6,ant,0
4AJ,CasDecTreMic,TreMic,231.6,herbivore,0
4AJ,CasDecTreMic,TreMic,231.6,phloem_feeder,1
4AJ,CasDecTreMic,TreMic,231.6,pollinator,0
4AJ,CasDecTreMic,TreMic,231.6,predator,0
4AJ,CasSylCelIgu,CasSyl,231.6,ant,0
4AJ,CasSylCelIgu,CasSyl,231.6,herbivore,0
4AJ,CasSylCelIgu,CasSyl,231.6,phloem_feeder,1
4AJ,CasSylCelIgu,CasSyl,231.6,pollinator,0
4AJ,CasSylCelIgu,CasSyl,231.6,predator,0
4AJ,CelIguTreMic,CelIgu,134.3,ant,0
4AJ,CelIguTreMic,CelIgu,134.3,herbivore,1
4AJ,CelIguTreMic,CelIgu,134.3,phloem_feeder,0
4AJ,CelIguTreMic,CelIgu,134.3,pollinator,0
4AJ,CelIguTreMic,CelIgu,134.3,predator,0
5PF1,AcnArb,AcnArb,0,ant,0
5PF1,AcnArb,AcnArb,0,herbivore,2
5PF1,AcnArb,AcnArb,0,phloem_feeder,0
5PF1,AcnArb,AcnArb,0,pollinator,0
5PF1,AcnArb,AcnArb,0,predator,0
5PF1,AcnArbCapBac,AcnArb,35.1,ant,0
5PF1,AcnArbCapBac,AcnArb,35.1,herbivore,1
5PF1,AcnArbCapBac,AcnArb,35.1,phloem_feeder,0
5PF1,AcnArbCapBac,AcnArb,35.1,pollinator,0
5PF1,AcnArbCapBac,AcnArb,35.1,predator,0
5PF1,AcnArbCasDec,AcnArb,247.5,ant,0
5PF1,AcnArbCasDec,AcnArb,247.5,herbivore,1
5PF1,AcnArbCasDec,AcnArb,247.5,phloem_feeder,2
5PF1,AcnArbCasDec,AcnArb,247.5,pollinator,0
5PF1,AcnArbCasDec,AcnArb,247.5,predator,0
5PF1,All,AcnArb,460.6,ant,2
5PF1,All,AcnArb,460.6,herbivore,0
5PF1,All,AcnArb,460.6,phloem_feeder,6
5PF1,All,AcnArb,460.6,pollinator,0
5PF1,All,AcnArb,460.6,predator,0
5PF1,All,CapBac,460.6,ant,0
5PF1,All,CapBac,460.6,herbivore,2
5PF1,All,CapBac,460.6,phloem_feeder,2
5PF1,All,CapBac,460.6,pollinator,0
5PF1,All,CapBac,460.6,predator,0
5PF1,All,TreMic,460.6,ant,1
5PF1,All,TreMic,460.6,herbivore,0
5PF1,All,TreMic,460.6,phloem_feeder,1
5PF1,All,TreMic,460.6,pollinator,0
5PF1,All,TreMic,460.6,predator,0
5PF1,CapBac,CapBac,0,ant,0
5PF1,CapBac,CapBac,0,herbivore,2
5PF1,CapBac,CapBac,0,phloem_feeder,0
5PF1,CapBac,CapBac,0,pollinator,0
5PF1,CapBac,CapBac,0,predator,0
5PF1,CapBacCasDec,CapBac,247.5,ant,0
5PF1,CapBacCasDec,CapBac,247.5,herbivore,0
5PF1,CapBacCasDec,CapBac,247.5,phloem_feeder,0
5PF1,CapBacCasDec,CapBac,247.5,pollinator,0
5PF1,CapBacCasDec,CapBac,247.5,predator,1
5PF1,CapBacCasSyl,CapBac,247.5,ant,1
5PF1,CapBacCasSyl,CapBac,247.5,herbivore,0
5PF1,CapBacCasSyl,CapBac,247.5,phloem_feeder,0
5PF1,CapBacCasSyl,CapBac,247.5,pollinator,0
5PF1,CapBacCasSyl,CapBac,247.5,predator,0
5PF1,CapBacCasSyl,CasSyl,247.5,ant,0
5PF1,CapBacCasSyl,CasSyl,247.5,herbivore,0
5PF1,CapBacCasSyl,CasSyl,247.5,phloem_feeder,1
5PF1,CapBacCasSyl,CasSyl,247.5,pollinator,0
5PF1,CapBacCasSyl,CasSyl,247.5,predator,0
5PF1,CapBacCelIgu,CapBac,247.5,ant,0
5PF1,CapBacCelIgu,CapBac,247.5,herbivore,0
5PF1,CapBacCelIgu,CapBac,247.5,phloem_feeder,2
5PF1,CapBacCelIgu,CapBac,247.5,pollinator,0
5PF1,CapBacCelIgu,CapBac,247.5,predator,0
5PF1,CapBacTreMic,CapBac,247.5,ant,0
5PF1,CapBacTreMic,CapBac,247.5,herbivore,2
5PF1,CapBacTreMic,CapBac,247.5,phloem_feeder,2
5PF1,CapBacTreMic,CapBac,247.5,pollinator,0
5PF1,CapBacTreMic,CapBac,247.5,predator,0
5PF1,CapBacTreMic,TreMic,247.5,ant,1
5PF1,CapBacTreMic,TreMic,247.5,herbivore,0
5PF1,CapBacTreMic,TreMic,247.5,phloem_feeder,1
5PF1,CapBacTreMic,TreMic,247.5,pollinator,0
5PF1,CapBacTreMic,TreMic,247.5,predator,0
5PF1,CasDecTreMic,CasDec,231.6,ant,0
5PF1,CasDecTreMic,CasDec,231.6,herbivore,0
5PF1,CasDecTreMic,CasDec,231.6,phloem_feeder,1
5PF1,CasDecTreMic,CasDec,231.6,pollinator,0
5PF1,CasDecTreMic,CasDec,231.6,predator,1
5PF1,CasDecTreMic,TreMic,231.6,ant,0
5PF1,CasDecTreMic,TreMic,231.6,herbivore,5
5PF1,CasDecTreMic,TreMic,231.6,phloem_feeder,1
5PF1,CasDecTreMic,TreMic,231.6,pollinator,1
5PF1,CasDecTreMic,TreMic,231.6,predator,0
5PF1,CasSyl,CasSyl,0,ant,1
5PF1,CasSyl,CasSyl,0,herbivore,0
5PF1,CasSyl,CasSyl,0,phloem_feeder,0
5PF1,CasSyl,CasSyl,0,pollinator,0
5PF1,CasSyl,CasSyl,0,predator,0
5PF1,CasSylCelIgu,CelIgu,231.6,ant,1
5PF1,CasSylCelIgu,CelIgu,231.6,herbivore,0
5PF1,CasSylCelIgu,CelIgu,231.6,phloem_feeder,0
5PF1,CasSylCelIgu,CelIgu,231.6,pollinator,0
5PF1,CasSylCelIgu,CelIgu,231.6,predator,0
5PF1,TreMic,TreMic,0,ant,1
5PF1,TreMic,TreMic,0,herbivore,1
5PF1,TreMic,TreMic,0,phloem_feeder,0
5PF1,TreMic,TreMic,0,pollinator,2
5PF1,TreMic,TreMic,0,predator,0
6PF2,AcnArb,AcnArb,0,ant,1
6PF2,AcnArb,AcnArb,0,herbivore,0
6PF2,AcnArb,AcnArb,0,phloem_feeder,3
6PF2,AcnArb,AcnArb,0,pollinator,0
6PF2,AcnArb,AcnArb,0,predator,0
6PF2,AcnArbCapBac,AcnArb,35.1,ant,1
6PF2,AcnArbCapBac,AcnArb,35.1,herbivore,2
6PF2,AcnArbCapBac,AcnArb,35.1,phloem_feeder,1
6PF2,AcnArbCapBac,AcnArb,35.1,pollinator,0
6PF2,AcnArbCapBac,AcnArb,35.1,predator,0
6PF2,AcnArbCapBac,CapBac,35.1,ant,2
6PF2,AcnArbCapBac,CapBac,35.1,herbivore,0
6PF2,AcnArbCapBac,CapBac,35.1,phloem_feeder,0
6PF2,AcnArbCapBac,CapBac,35.1,pollinator,0
6PF2,AcnArbCapBac,CapBac,35.1,predator,0
6PF2,AcnArbCasSyl,AcnArb,247.5,ant,0
6PF2,AcnArbCasSyl,AcnArb,247.5,herbivore,0
6PF2,AcnArbCasSyl,AcnArb,247.5,phloem_feeder,1
6PF2,AcnArbCasSyl,AcnArb,247.5,pollinator,0
6PF2,AcnArbCasSyl,AcnArb,247.5,predator,1
6PF2,AcnArbCelIgu,AcnArb,247.5,ant,0
6PF2,AcnArbCelIgu,AcnArb,247.5,herbivore,1
6PF2,AcnArbCelIgu,AcnArb,247.5,phloem_feeder,2
6PF2,AcnArbCelIgu,AcnArb,247.5,pollinator,0
6PF2,AcnArbCelIgu,AcnArb,247.5,predator,1
6PF2,AcnArbCelIgu,CelIgu,247.5,ant,0
6PF2,AcnArbCelIgu,CelIgu,247.5,herbivore,0
6PF2,AcnArbCelIgu,CelIgu,247.5,phloem_feeder,1
6PF2,AcnArbCelIgu,CelIgu,247.5,pollinator,0
6PF2,AcnArbCelIgu,CelIgu,247.5,predator,0
6PF2,AcnArbTreMic,AcnArb,247.5,ant,4
6PF2,AcnArbTreMic,AcnArb,247.5,herbivore,1
6PF2,AcnArbTreMic,AcnArb,247.5,phloem_feeder,2
6PF2,AcnArbTreMic,AcnArb,247.5,pollinator,0
6PF2,AcnArbTreMic,AcnArb,247.5,predator,0
6PF2,All,AcnArb,460.6,ant,0
6PF2,All,AcnArb,460.6,herbivore,2
6PF2,All,AcnArb,460.6,phloem_feeder,1
6PF2,All,AcnArb,460.6,pollinator,1
6PF2,All,AcnArb,460.6,predator,0
6PF2,All,CapBac,460.6,ant,1
6PF2,All,CapBac,460.6,herbivore,2
6PF2,All,CapBac,460.6,phloem_feeder,1
6PF2,All,CapBac,460.6,pollinator,0
6PF2,All,CapBac,460.6,predator,1
6PF2,All,CasDec,460.6,ant,0
6PF2,All,CasDec,460.6,herbivore,1
6PF2,All,CasDec,460.6,phloem_feeder,0
6PF2,All,CasDec,460.6,pollinator,0
6PF2,All,CasDec,460.6,predator,0
6PF2,All,CelIgu,460.6,ant,1
6PF2,All,CelIgu,460.6,herbivore,1
6PF2,All,CelIgu,460.6,phloem_feeder,1
6PF2,All,CelIgu,460.6,pollinator,1
6PF2,All,CelIgu,460.6,predator,0
6PF2,All,TreMic,460.6,ant,0
6PF2,All,TreMic,460.6,herbivore,0
6PF2,All,TreMic,460.6,phloem_feeder,1
6PF2,All,TreMic,460.6,pollinator,0
6PF2,All,TreMic,460.6,predator,0
6PF2,CapBac,CapBac,0,ant,1
6PF2,CapBac,CapBac,0,herbivore,3
6PF2,CapBac,CapBac,0,phloem_feeder,0
6PF2,CapBac,CapBac,0,pollinator,0
6PF2,CapBac,CapBac,0,predator,1
6PF2,CapBacCasDec,CapBac,247.5,ant,0
6PF2,CapBacCasDec,CapBac,247.5,herbivore,2
6PF2,CapBacCasDec,CapBac,247.5,phloem_feeder,0
6PF2,CapBacCasDec,CapBac,247.5,pollinator,0
6PF2,CapBacCasDec,CapBac,247.5,predator,0
6PF2,CapBacCasDec,CasDec,247.5,ant,0
6PF2,CapBacCasDec,CasDec,247.5,herbivore,0
6PF2,CapBacCasDec,CasDec,247.5,phloem_feeder,3
6PF2,CapBacCasDec,CasDec,247.5,pollinator,0
6PF2,CapBacCasDec,CasDec,247.5,predator,0
6PF2,CapBacCasSyl,CapBac,247.5,ant,0
6PF2,CapBacCasSyl,CapBac,247.5,herbivore,0
6PF2,CapBacCasSyl,CapBac,247.5,phloem_feeder,1
6PF2,CapBacCasSyl,CapBac,247.5,pollinator,1
6PF2,CapBacCasSyl,CapBac,247.5,predator,0
6PF2,CapBacCasSyl,CasSyl,247.5,ant,1
6PF2,CapBacCasSyl,CasSyl,247.5,herbivore,1
6PF2,CapBacCasSyl,CasSyl,247.5,phloem_feeder,2
6PF2,CapBacCasSyl,CasSyl,247.5,pollinator,0
6PF2,CapBacCasSyl,CasSyl,247.5,predator,0
6PF2,CapBacCelIgu,CapBac,247.5,ant,2
6PF2,CapBacCelIgu,CapBac,247.5,herbivore,1
6PF2,CapBacCelIgu,CapBac,247.5,phloem_feeder,0
6PF2,CapBacCelIgu,CapBac,247.5,pollinator,0
6PF2,CapBacCelIgu,CapBac,247.5,predator,0
6PF2,CapBacCelIgu,CelIgu,247.5,ant,3
6PF2,CapBacCelIgu,CelIgu,247.5,herbivore,1
6PF2,CapBacCelIgu,CelIgu,247.5,phloem_feeder,1
6PF2,CapBacCelIgu,CelIgu,247.5,pollinator,0
6PF2,CapBacCelIgu,CelIgu,247.5,predator,1
6PF2,CapBacTreMic,CapBac,247.5,ant,0
6PF2,CapBacTreMic,CapBac,247.5,herbivore,0
6PF2,CapBacTreMic,CapBac,247.5,phloem_feeder,0
6PF2,CapBacTreMic,CapBac,247.5,pollinator,0
6PF2,CapBacTreMic,CapBac,247.5,predator,1
6PF2,CapBacTreMic,TreMic,247.5,ant,0
6PF2,CapBacTreMic,TreMic,247.5,herbivore,0
6PF2,CapBacTreMic,TreMic,247.5,phloem_feeder,0
6PF2,CapBacTreMic,TreMic,247.5,pollinator,1
6PF2,CapBacTreMic,TreMic,247.5,predator,0
6PF2,CasDecCelIgu,CasDec,231.6,ant,0
6PF2,CasDecCelIgu,CasDec,231.6,herbivore,0
6PF2,CasDecCelIgu,CasDec,231.6,phloem_feeder,0
6PF2,CasDecCelIgu,CasDec,231.6,pollinator,0
6PF2,CasDecCelIgu,CasDec,231.6,predator,1
6PF2,CasDecCelIgu,CelIgu,231.6,ant,0
6PF2,CasDecCelIgu,CelIgu,231.6,herbivore,0
6PF2,CasDecCelIgu,CelIgu,231.6,phloem_feeder,0
6PF2,CasDecCelIgu,CelIgu,231.6,pollinator,0
6PF2,CasDecCelIgu,CelIgu,231.6,predator,1
6PF2,CasDecTreMic,TreMic,231.6,ant,0
6PF2,CasDecTreMic,TreMic,231.6,herbivore,0
6PF2,CasDecTreMic,TreMic,231.6,phloem_feeder,0
6PF2,CasDecTreMic,TreMic,231.6,pollinator,0
6PF2,CasDecTreMic,TreMic,231.6,predator,1
6PF2,CasSyl,CasSyl,0,ant,1
6PF2,CasSyl,CasSyl,0,herbivore,0
6PF2,CasSyl,CasSyl,0,phloem_feeder,1
6PF2,CasSyl,CasSyl,0,pollinator,0
6PF2,CasSyl,CasSyl,0,predator,0
6PF2,CasSylCelIgu,CasSyl,231.6,ant,0
6PF2,CasSylCelIgu,CasSyl,231.6,herbivore,0
6PF2,CasSylCelIgu,CasSyl,231.6,phloem_feeder,0
6PF2,CasSylCelIgu,CasSyl,231.6,pollinator,0
6PF2,CasSylCelIgu,CasSyl,231.6,predator,2
6PF2,CasSylCelIgu,CelIgu,231.6,ant,2
6PF2,CasSylCelIgu,CelIgu,231.6,herbivore,0
6PF2,CasSylCelIgu,CelIgu,231.6,phloem_feeder,0
6PF2,CasSylCelIgu,CelIgu,231.6,pollinator,0
6PF2,CasSylCelIgu,CelIgu,231.6,predator,1
6PF2,CasSylTreMic,TreMic,231.6,ant,0
6PF2,CasSylTreMic,TreMic,231.6,herbivore,0
6PF2,CasSylTreMic,TreMic,231.6,phloem_feeder,0
6PF2,CasSylTreMic,TreMic,231.6,pollinator,0
6PF2,CasSylTreMic,TreMic,231.6,predator,1
6PF2,CelIgu,CelIgu,0,ant,1
6PF2,CelIgu,CelIgu,0,herbivore,0
6PF2,CelIgu,CelIgu,0,phloem_feeder,0
6PF2,CelIgu,CelIgu,0,pollinator,0
6PF2,CelIgu,CelIgu,0,predator,0
6PF2,TreMic,TreMic,0,ant,2
6PF2,TreMic,TreMic,0,herbivore,1
6PF2,TreMic,TreMic,0,phloem_feeder,2
6PF2,TreMic,TreMic,0,pollinator,0
6PF2,TreMic,TreMic,0,predator,0
7ZM,AcnArb,AcnArb,0,ant,1
7ZM,AcnArb,AcnArb,0,herbivore,0
7ZM,AcnArb,AcnArb,0,phloem_feeder,2
7ZM,AcnArb,AcnArb,0,pollinator,0
7ZM,AcnArb,AcnArb,0,predator,1
7ZM,AcnArbCapBac,AcnArb,35.1,ant,1
7ZM,AcnArbCapBac,AcnArb,35.1,herbivore,3
7ZM,AcnArbCapBac,AcnArb,35.1,phloem_feeder,3
7ZM,AcnArbCapBac,AcnArb,35.1,pollinator,0
7ZM,AcnArbCapBac,AcnArb,35.1,predator,0
7ZM,AcnArbCapBac,CapBac,35.1,ant,0
7ZM,AcnArbCapBac,CapBac,35.1,herbivore,0
7ZM,AcnArbCapBac,CapBac,35.1,phloem_feeder,1
7ZM,AcnArbCapBac,CapBac,35.1,pollinator,0
7ZM,AcnArbCapBac,CapBac,35.1,predator,0
7ZM,AcnArbCasDec,AcnArb,247.5,ant,1
7ZM,AcnArbCasDec,AcnArb,247.5,herbivore,1
7ZM,AcnArbCasDec,AcnArb,247.5,phloem_feeder,1
7ZM,AcnArbCasDec,AcnArb,247.5,pollinator,0
7ZM,AcnArbCasDec,AcnArb,247.5,predator,0
7ZM,AcnArbCasDec,CasDec,247.5,ant,0
7ZM,AcnArbCasDec,CasDec,247.5,herbivore,0
7ZM,AcnArbCasDec,CasDec,247.5,phloem_feeder,1
7ZM,AcnArbCasDec,CasDec,247.5,pollinator,0
7ZM,AcnArbCasDec,CasDec,247.5,predator,0
7ZM,AcnArbCasSyl,AcnArb,247.5,ant,2
7ZM,AcnArbCasSyl,AcnArb,247.5,herbivore,5
7ZM,AcnArbCasSyl,AcnArb,247.5,phloem_feeder,5
7ZM,AcnArbCasSyl,AcnArb,247.5,pollinator,0
7ZM,AcnArbCasSyl,AcnArb,247.5,predator,1
7ZM,AcnArbCelIgu,AcnArb,247.5,ant,0
7ZM,AcnArbCelIgu,AcnArb,247.5,herbivore,2
7ZM,AcnArbCelIgu,AcnArb,247.5,phloem_feeder,1
7ZM,AcnArbCelIgu,AcnArb,247.5,pollinator,0
7ZM,AcnArbCelIgu,AcnArb,247.5,predator,0
7ZM,AcnArbCelIgu,CelIgu,247.5,ant,0
7ZM,AcnArbCelIgu,CelIgu,247.5,herbivore,0
7ZM,AcnArbCelIgu,CelIgu,247.5,phloem_feeder,0
7ZM,AcnArbCelIgu,CelIgu,247.5,pollinator,0
7ZM,AcnArbCelIgu,CelIgu,247.5,predator,1
7ZM,AcnArbTreMic,AcnArb,247.5,ant,3
7ZM,AcnArbTreMic,AcnArb,247.5,herbivore,2
7ZM,AcnArbTreMic,AcnArb,247.5,phloem_feeder,4
7ZM,AcnArbTreMic,AcnArb,247.5,pollinator,0
7ZM,AcnArbTreMic,AcnArb,247.5,predator,0
7ZM,AcnArbTreMic,TreMic,247.5,ant,0
7ZM,AcnArbTreMic,TreMic,247.5,herbivore,0
7ZM,AcnArbTreMic,TreMic,247.5,phloem_feeder,0
7ZM,AcnArbTreMic,TreMic,247.5,pollinator,0
7ZM,AcnArbTreMic,TreMic,247.5,predator,1
7ZM,All,AcnArb,460.6,ant,1
7ZM,All,AcnArb,460.6,herbivore,3
7ZM,All,AcnArb,460.6,phloem_feeder,8
7ZM,All,AcnArb,460.6,pollinator,0
7ZM,All,AcnArb,460.6,predator,0
7ZM,All,CapBac,460.6,ant,0
7ZM,All,CapBac,460.6,herbivore,1
7ZM,All,CapBac,460.6,phloem_feeder,0
7ZM,All,CapBac,460.6,pollinator,0
7ZM,All,CapBac,460.6,predator,0
7ZM,All,CasSyl,460.6,ant,0
7ZM,All,CasSyl,460.6,herbivore,0
7ZM,All,CasSyl,460.6,phloem_feeder,1
7ZM,All,CasSyl,460.6,pollinator,0
7ZM,All,CasSyl,460.6,predator,0
7ZM,All,CelIgu,460.6,ant,0
7ZM,All,CelIgu,460.6,herbivore,1
7ZM,All,CelIgu,460.6,phloem_feeder,0
7ZM,All,CelIgu,460.6,pollinator,0
7ZM,All,CelIgu,460.6,predator,0
7ZM,CapBac,CapBac,0,ant,1
7ZM,CapBac,CapBac,0,herbivore,1
7ZM,CapBac,CapBac,0,phloem_feeder,1
7ZM,CapBac,CapBac,0,pollinator,0
7ZM,CapBac,CapBac,0,predator,1
7ZM,CapBacCasDec,CapBac,247.5,ant,0
7ZM,CapBacCasDec,CapBac,247.5,herbivore,0
7ZM,CapBacCasDec,CapBac,247.5,phloem_feeder,0
7ZM,CapBacCasDec,CapBac,247.5,pollinator,1
7ZM,CapBacCasDec,CapBac,247.5,predator,0
7ZM,CapBacCelIgu,CapBac,247.5,ant,0
7ZM,CapBacCelIgu,CapBac,247.5,herbivore,0
7ZM,CapBacCelIgu,CapBac,247.5,phloem_feeder,1
7ZM,CapBacCelIgu,CapBac,247.5,pollinator,0
7ZM,CapBacCelIgu,CapBac,247.5,predator,0
7ZM,CapBacTreMic,CapBac,247.5,ant,1
7ZM,CapBacTreMic,CapBac,247.5,herbivore,1
7ZM,CapBacTreMic,CapBac,247.5,phloem_feeder,1
7ZM,CapBacTreMic,CapBac,247.5,pollinator,0
7ZM,CapBacTreMic,CapBac,247.5,predator,1
7ZM,CapBacTreMic,TreMic,247.5,ant,1
7ZM,CapBacTreMic,TreMic,247.5,herbivore,4
7ZM,CapBacTreMic,TreMic,247.5,phloem_feeder,2
7ZM,CapBacTreMic,TreMic,247.5,pollinator,0
7ZM,CapBacTreMic,TreMic,247.5,predator,0
7ZM,CasDec,CasDec,0,ant,0
7ZM,CasDec,CasDec,0,herbivore,3
7ZM,CasDec,CasDec,0,phloem_feeder,0
7ZM,CasDec,CasDec,0,pollinator,0
7ZM,CasDec,CasDec,0,predator,0
7ZM,CasDecCelIgu,CelIgu,231.6,ant,0
7ZM,CasDecCelIgu,CelIgu,231.6,herbivore,2
7ZM,CasDecCelIgu,CelIgu,231.6,phloem_feeder,0
7ZM,CasDecCelIgu,CelIgu,231.6,pollinator,0
7ZM,CasDecCelIgu,CelIgu,231.6,predator,2
7ZM,CasDecTreMic,CasDec,231.6,ant,0
7ZM,CasDecTreMic,CasDec,231.6,herbivore,1
7ZM,CasDecTreMic,CasDec,231.6,phloem_feeder,0
7ZM,CasDecTreMic,CasDec,231.6,pollinator,0
7ZM,CasDecTreMic,CasDec,231.6,predator,0
7ZM,CasDecTreMic,TreMic,231.6,ant,1
7ZM,CasDecTreMic,TreMic,231.6,herbivore,0
7ZM,CasDecTreMic,TreMic,231.6,phloem_feeder,1
7ZM,CasDecTreMic,TreMic,231.6,pollinator,0
7ZM,CasDecTreMic,TreMic,231.6,predator,0
7ZM,CasSyl,CasSyl,0,ant,0
7ZM,CasSyl,CasSyl,0,herbivore,1
7ZM,CasSyl,CasSyl,0,phloem_feeder,2
7ZM,CasSyl,CasSyl,0,pollinator,0
7ZM,CasSyl,CasSyl,0,predator,1
7ZM,CasSylCelIgu,CelIgu,231.6,ant,0
7ZM,CasSylCelIgu,CelIgu,231.6,herbivore,1
7ZM,CasSylCelIgu,CelIgu,231.6,phloem_feeder,0
7ZM,CasSylCelIgu,CelIgu,231.6,pollinator,0
7ZM,CasSylCelIgu,CelIgu,231.6,predator,1
7ZM,CasSylTreMic,CasSyl,231.6,ant,0
7ZM,CasSylTreMic,CasSyl,231.6,herbivore,0
7ZM,CasSylTreMic,CasSyl,231.6,phloem_feeder,1
7ZM,CasSylTreMic,CasSyl,231.6,pollinator,0
7ZM,CasSylTreMic,CasSyl,231.6,predator,0
7ZM,CelIgu,CelIgu,0,ant,1
7ZM,CelIgu,CelIgu,0,herbivore,1
7ZM,CelIgu,CelIgu,0,phloem_feeder,2
7ZM,CelIgu,CelIgu,0,pollinator,0
7ZM,CelIgu,CelIgu,0,predator,1
7ZM,TreMic,TreMic,0,ant,0
7ZM,TreMic,TreMic,0,herbivore,0
7ZM,TreMic,TreMic,0,phloem_feeder,3
7ZM,TreMic,TreMic,0,pollinator,0
7ZM,TreMic,TreMic,0,predator,0
8NEI,AcnArb,AcnArb,0,ant,4
8NEI,AcnArb,AcnArb,0,herbivore,2
8NEI,AcnArb,AcnArb,0,phloem_feeder,14
8NEI,AcnArb,AcnArb,0,pollinator,1
8NEI,AcnArb,AcnArb,0,predator,0
8NEI,AcnArbCapBac,AcnArb,35.1,ant,0
8NEI,AcnArbCapBac,AcnArb,35.1,herbivore,2
8NEI,AcnArbCapBac,AcnArb,35.1,phloem_feeder,0
8NEI,AcnArbCapBac,AcnArb,35.1,pollinator,0
8NEI,AcnArbCapBac,AcnArb,35.1,predator,0
8NEI,AcnArbCasDec,AcnArb,247.5,ant,0
8NEI,AcnArbCasDec,AcnArb,247.5,herbivore,1
8NEI,AcnArbCasDec,AcnArb,247.5,phloem_feeder,1
8NEI,AcnArbCasDec,AcnArb,247.5,pollinator,0
8NEI,AcnArbCasDec,AcnArb,247.5,predator,0
8NEI,AcnArbCasDec,CasDec,247.5,ant,0
8NEI,AcnArbCasDec,CasDec,247.5,herbivore,0
8NEI,AcnArbCasDec,CasDec,247.5,phloem_feeder,0
8NEI,AcnArbCasDec,CasDec,247.5,pollinator,0
8NEI,AcnArbCasDec,CasDec,247.5,predator,1
8NEI,AcnArbCasSyl,AcnArb,247.5,ant,0
8NEI,AcnArbCasSyl,AcnArb,247.5,herbivore,0
8NEI,AcnArbCasSyl,AcnArb,247.5,phloem_feeder,1
8NEI,AcnArbCasSyl,AcnArb,247.5,pollinator,0
8NEI,AcnArbCasSyl,AcnArb,247.5,predator,0
8NEI,AcnArbCasSyl,CasSyl,247.5,ant,1
8NEI,AcnArbCasSyl,CasSyl,247.5,herbivore,0
8NEI,AcnArbCasSyl,CasSyl,247.5,phloem_feeder,0
8NEI,AcnArbCasSyl,CasSyl,247.5,pollinator,0
8NEI,AcnArbCasSyl,CasSyl,247.5,predator,1
8NEI,AcnArbCelIgu,AcnArb,247.5,ant,0
8NEI,AcnArbCelIgu,AcnArb,247.5,herbivore,2
8NEI,AcnArbCelIgu,AcnArb,247.5,phloem_feeder,5
8NEI,AcnArbCelIgu,AcnArb,247.5,pollinator,0
8NEI,AcnArbCelIgu,AcnArb,247.5,predator,0
8NEI,AcnArbCelIgu,CelIgu,247.5,ant,1
8NEI,AcnArbCelIgu,CelIgu,247.5,herbivore,0
8NEI,AcnArbCelIgu,CelIgu,247.5,phloem_feeder,1
8NEI,AcnArbCelIgu,CelIgu,247.5,pollinator,0
8NEI,AcnArbCelIgu,CelIgu,247.5,predator,1
8NEI,AcnArbTreMic,AcnArb,247.5,ant,0
8NEI,AcnArbTreMic,AcnArb,247.5,herbivore,1
8NEI,AcnArbTreMic,AcnArb,247.5,phloem_feeder,0
8NEI,AcnArbTreMic,AcnArb,247.5,pollinator,0
8NEI,AcnArbTreMic,AcnArb,247.5,predator,1
8NEI,All,AcnArb,460.6,ant,0
8NEI,All,AcnArb,460.6,herbivore,1
8NEI,All,AcnArb,460.6,phloem_feeder,1
8NEI,All,AcnArb,460.6,pollinator,0
8NEI,All,AcnArb,460.6,predator,0
8NEI,All,CasSyl,460.6,ant,0
8NEI,All,CasSyl,460.6,herbivore,0
8NEI,All,CasSyl,460.6,phloem_feeder,1
8NEI,All,CasSyl,460.6,pollinator,0
8NEI,All,CasSyl,460.6,predator,1
8NEI,All,CelIgu,460.6,ant,0
8NEI,All,CelIgu,460.6,herbivore,2
8NEI,All,CelIgu,460.6,phloem_feeder,2
8NEI,All,CelIgu,460.6,pollinator,0
8NEI,All,CelIgu,460.6,predator,0
8NEI,All,TreMic,460.6,ant,0
8NEI,All,TreMic,460.6,herbivore,1
8NEI,All,TreMic,460.6,phloem_feeder,0
8NEI,All,TreMic,460.6,pollinator,0
8NEI,All,TreMic,460.6,predator,1
8NEI,CapBac,CapBac,0,ant,0
8NEI,CapBac,CapBac,0,herbivore,2
8NEI,CapBac,CapBac,0,phloem_feeder,0
8NEI,CapBac,CapBac,0,pollinator,0
8NEI,CapBac,CapBac,0,predator,2
8NEI,CapBacCasSyl,CapBac,247.5,ant,0
8NEI,CapBacCasSyl,CapBac,247.5,herbivore,1
8NEI,CapBacCasSyl,CapBac,247.5,phloem_feeder,0
8NEI,CapBacCasSyl,CapBac,247.5,pollinator,0
8NEI,CapBacCasSyl,CapBac,247.5,predator,1
8NEI,CapBacCasSyl,CasSyl,247.5,ant,0
8NEI,CapBacCasSyl,CasSyl,247.5,herbivore,1
8NEI,CapBacCasSyl,CasSyl,247.5,phloem_feeder,1
8NEI,CapBacCasSyl,CasSyl,247.5,pollinator,0
8NEI,CapBacCasSyl,CasSyl,247.5,predator,0
8NEI,CapBacCelIgu,CapBac,247.5,ant,0
8NEI,CapBacCelIgu,CapBac,247.5,herbivore,0
8NEI,CapBacCelIgu,CapBac,247.5,phloem_feeder,2
8NEI,CapBacCelIgu,CapBac,247.5,pollinator,0
8NEI,CapBacCelIgu,CapBac,247.5,predator,2
8NEI,CapBacCelIgu,CelIgu,247.5,ant,0
8NEI,CapBacCelIgu,CelIgu,247.5,herbivore,3
8NEI,CapBacCelIgu,CelIgu,247.5,phloem_feeder,2
8NEI,CapBacCelIgu,CelIgu,247.5,pollinator,0
8NEI,CapBacCelIgu,CelIgu,247.5,predator,0
8NEI,CapBacTreMic,CapBac,247.5,ant,0
8NEI,CapBacTreMic,CapBac,247.5,herbivore,1
8NEI,CapBacTreMic,CapBac,247.5,phloem_feeder,0
8NEI,CapBacTreMic,CapBac,247.5,pollinator,0
8NEI,CapBacTreMic,CapBac,247.5,predator,1
8NEI,CasDecCelIgu,CelIgu,231.6,ant,0
8NEI,CasDecCelIgu,CelIgu,231.6,herbivore,2
8NEI,CasDecCelIgu,CelIgu,231.6,phloem_feeder,0
8NEI,CasDecCelIgu,CelIgu,231.6,pollinator,0
8NEI,CasDecCelIgu,CelIgu,231.6,predator,0
8NEI,CasSylCelIgu,CasSyl,231.6,ant,0
8NEI,CasSylCelIgu,CasSyl,231.6,herbivore,0
8NEI,CasSylCelIgu,CasSyl,231.6,phloem_feeder,1
8NEI,CasSylCelIgu,CasSyl,231.6,pollinator,0
8NEI,CasSylCelIgu,CasSyl,231.6,predator,0
8NEI,CelIgu,CelIgu,0,ant,0
8NEI,CelIgu,CelIgu,0,herbivore,2
8NEI,CelIgu,CelIgu,0,phloem_feeder,2
8NEI,CelIgu,CelIgu,0,pollinator,0
8NEI,CelIgu,CelIgu,0,predator,1
8NEI,CelIguTreMic,CelIgu,134.3,ant,1
8NEI,CelIguTreMic,CelIgu,134.3,herbivore,0
8NEI,CelIguTreMic,CelIgu,134.3,phloem_feeder,1
8NEI,CelIguTreMic,CelIgu,134.3,pollinator,0
8NEI,CelIguTreMic,CelIgu,134.3,predator,0
8NEI,CelIguTreMic,TreMic,134.3,ant,0
8NEI,CelIguTreMic,TreMic,134.3,herbivore,0
8NEI,CelIguTreMic,TreMic,134.3,phloem_feeder,1
8NEI,CelIguTreMic,TreMic,134.3,pollinator,1
8NEI,CelIguTreMic,TreMic,134.3,predator,0
8NEI,TreMic,TreMic,0,ant,0
8NEI,TreMic,TreMic,0,herbivore,1
8NEI,TreMic,TreMic,0,phloem_feeder,0
8NEI,TreMic,TreMic,0,pollinator,0
8NEI,TreMic,TreMic,0,predator,1
9DITO,AcnArb,AcnArb,0,ant,1
9DITO,AcnArb,AcnArb,0,herbivore,1
9DITO,AcnArb,AcnArb,0,phloem_feeder,1
9DITO,AcnArb,AcnArb,0,pollinator,0
9DITO,AcnArb,AcnArb,0,predator,0
9DITO,AcnArbCapBac,AcnArb,35.1,ant,0
9DITO,AcnArbCapBac,AcnArb,35.1,herbivore,1
9DITO,AcnArbCapBac,AcnArb,35.1,phloem_feeder,1
9DITO,AcnArbCapBac,AcnArb,35.1,pollinator,0
9DITO,AcnArbCapBac,AcnArb,35.1,predator,0
9DITO,AcnArbCapBac,CapBac,35.1,ant,0
9DITO,AcnArbCapBac,CapBac,35.1,herbivore,0
9DITO,AcnArbCapBac,CapBac,35.1,phloem_feeder,1
9DITO,AcnArbCapBac,CapBac,35.1,pollinator,0
9DITO,AcnArbCapBac,CapBac,35.1,predator,0
9DITO,AcnArbCasDec,AcnArb,247.5,ant,0
9DITO,AcnArbCasDec,AcnArb,247.5,herbivore,1
9DITO,AcnArbCasDec,AcnArb,247.5,phloem_feeder,1
9DITO,AcnArbCasDec,AcnArb,247.5,pollinator,0
9DITO,AcnArbCasDec,AcnArb,247.5,predator,1
9DITO,AcnArbCasDec,CasDec,247.5,ant,1
9DITO,AcnArbCasDec,CasDec,247.5,herbivore,0
9DITO,AcnArbCasDec,CasDec,247.5,phloem_feeder,0
9DITO,AcnArbCasDec,CasDec,247.5,pollinator,0
9DITO,AcnArbCasDec,CasDec,247.5,predator,0
9DITO,AcnArbCasSyl,AcnArb,247.5,ant,1
9DITO,AcnArbCasSyl,AcnArb,247.5,herbivore,1
9DITO,AcnArbCasSyl,AcnArb,247.5,phloem_feeder,3
9DITO,AcnArbCasSyl,AcnArb,247.5,pollinator,0
9DITO,AcnArbCasSyl,AcnArb,247.5,predator,0
9DITO,AcnArbCelIgu,AcnArb,247.5,ant,1
9DITO,AcnArbCelIgu,AcnArb,247.5,herbivore,1
9DITO,AcnArbCelIgu,AcnArb,247.5,phloem_feeder,1
9DITO,AcnArbCelIgu,AcnArb,247.5,pollinator,0
9DITO,AcnArbCelIgu,AcnArb,247.5,predator,0
9DITO,AcnArbTreMic,AcnArb,247.5,ant,0
9DITO,AcnArbTreMic,AcnArb,247.5,herbivore,0
9DITO,AcnArbTreMic,AcnArb,247.5,phloem_feeder,1
9DITO,AcnArbTreMic,AcnArb,247.5,pollinator,0
9DITO,AcnArbTreMic,AcnArb,247.5,predator,0
9DITO,AcnArbTreMic,TreMic,247.5,ant,1
9DITO,AcnArbTreMic,TreMic,247.5,herbivore,0
9DITO,AcnArbTreMic,TreMic,247.5,phloem_feeder,0
9DITO,AcnArbTreMic,TreMic,247.5,pollinator,0
9DITO,AcnArbTreMic,TreMic,247.5,predator,0
9DITO,All,AcnArb,460.6,ant,2
9DITO,All,AcnArb,460.6,herbivore,0
9DITO,All,AcnArb,460.6,phloem_feeder,2
9DITO,All,AcnArb,460.6,pollinator,0
9DITO,All,AcnArb,460.6,predator,0
9DITO,All,CapBac,460.6,ant,0
9DITO,All,CapBac,460.6,herbivore,0
9DITO,All,CapBac,460.6,phloem_feeder,1
9DITO,All,CapBac,460.6,pollinator,0
9DITO,All,CapBac,460.6,predator,1
9DITO,All,CasDec,460.6,ant,0
9DITO,All,CasDec,460.6,herbivore,1
9DITO,All,CasDec,460.6,phloem_feeder,2
9DITO,All,CasDec,460.6,pollinator,0
9DITO,All,CasDec,460.6,predator,0
9DITO,All,CasSyl,460.6,ant,0
9DITO,All,CasSyl,460.6,herbivore,0
9DITO,All,CasSyl,460.6,phloem_feeder,0
9DITO,All,CasSyl,460.6,pollinator,0
9DITO,All,CasSyl,460.6,predator,1
9DITO,All,CelIgu,460.6,ant,0
9DITO,All,CelIgu,460.6,herbivore,0
9DITO,All,CelIgu,460.6,phloem_feeder,0
9DITO,All,CelIgu,460.6,pollinator,0
9DITO,All,CelIgu,460.6,predator,1
9DITO,All,TreMic,460.6,ant,0
9DITO,All,TreMic,460.6,herbivore,0
9DITO,All,TreMic,460.6,phloem_feeder,1
9DITO,All,TreMic,460.6,pollinator,0
9DITO,All,TreMic,460.6,predator,0
9DITO,CapBac,CapBac,0,ant,1
9DITO,CapBac,CapBac,0,herbivore,0
9DITO,CapBac,CapBac,0,phloem_feeder,1
9DITO,CapBac,CapBac,0,pollinator,0
9DITO,CapBac,CapBac,0,predator,0
9DITO,CapBacCasDec,CapBac,247.5,ant,0
9DITO,CapBacCasDec,CapBac,247.5,herbivore,0
9DITO,CapBacCasDec,CapBac,247.5,phloem_feeder,1
9DITO,CapBacCasDec,CapBac,247.5,pollinator,0
9DITO,CapBacCasDec,CapBac,247.5,predator,0
9DITO,CapBacCasDec,CasDec,247.5,ant,0
9DITO,CapBacCasDec,CasDec,247.5,herbivore,1
9DITO,CapBacCasDec,CasDec,247.5,phloem_feeder,0
9DITO,CapBacCasDec,CasDec,247.5,pollinator,0
9DITO,CapBacCasDec,CasDec,247.5,predator,0
9DITO,CapBacCasSyl,CapBac,247.5,ant,0
9DITO,CapBacCasSyl,CapBac,247.5,herbivore,0
9DITO,CapBacCasSyl,CapBac,247.5,phloem_feeder,2
9DITO,CapBacCasSyl,CapBac,247.5,pollinator,0
9DITO,CapBacCasSyl,CapBac,247.5,predator,0
9DITO,CapBacCelIgu,CapBac,247.5,ant,0
9DITO,CapBacCelIgu,CapBac,247.5,herbivore,0
9DITO,CapBacCelIgu,CapBac,247.5,phloem_feeder,1
9DITO,CapBacCelIgu,CapBac,247.5,pollinator,1
9DITO,CapBacCelIgu,CapBac,247.5,predator,0
9DITO,CapBacCelIgu,CelIgu,247.5,ant,0
9DITO,CapBacCelIgu,CelIgu,247.5,herbivore,1
9DITO,CapBacCelIgu,CelIgu,247.5,phloem_feeder,1
9DITO,CapBacCelIgu,CelIgu,247.5,pollinator,0
9DITO,CapBacCelIgu,CelIgu,247.5,predator,0
9DITO,CapBacTreMic,TreMic,247.5,ant,0
9DITO,CapBacTreMic,TreMic,247.5,herbivore,1
9DITO,CapBacTreMic,TreMic,247.5,phloem_feeder,4
9DITO,CapBacTreMic,TreMic,247.5,pollinator,0
9DITO,CapBacTreMic,TreMic,247.5,predator,0
9DITO,CasDecCasSyl,CasSyl,25.3,ant,0
9DITO,CasDecCasSyl,CasSyl,25.3,herbivore,0
9DITO,CasDecCasSyl,CasSyl,25.3,phloem_feeder,0
9DITO,CasDecCasSyl,CasSyl,25.3,pollinator,0
9DITO,CasDecCasSyl,CasSyl,25.3,predator,2
9DITO,CasDecCelIgu,CelIgu,231.6,ant,0
9DITO,CasDecCelIgu,CelIgu,231.6,herbivore,1
9DITO,CasDecCelIgu,CelIgu,231.6,phloem_feeder,1
9DITO,CasDecCelIgu,CelIgu,231.6,pollinator,0
9DITO,CasDecCelIgu,CelIgu,231.6,predator,0
9DITO,CasSyl,CasSyl,0,ant,0
9DITO,CasSyl,CasSyl,0,herbivore,0
9DITO,CasSyl,CasSyl,0,phloem_feeder,2
9DITO,CasSyl,CasSyl,0,pollinator,0
9DITO,CasSyl,CasSyl,0,predator,0
9DITO,CasSylCelIgu,CasSyl,231.6,ant,0
9DITO,CasSylCelIgu,CasSyl,231.6,herbivore,0
9DITO,CasSylCelIgu,CasSyl,231.6,phloem_feeder,1
9DITO,CasSylCelIgu,CasSyl,231.6,pollinator,0
9DITO,CasSylCelIgu,CasSyl,231.6,predator,0
9DITO,CelIgu,CelIgu,0,ant,0
9DITO,CelIgu,CelIgu,0,herbivore,3
9DITO,CelIgu,CelIgu,0,phloem_feeder,2
9DITO,CelIgu,CelIgu,0,pollinator,0
9DITO,CelIgu,CelIgu,0,predator,0
9DITO,CelIguTreMic,CelIgu,134.3,ant,0
9DITO,CelIguTreMic,CelIgu,134.3,herbivore,1
9DITO,CelIguTreMic,CelIgu,134.3,phloem_feeder,0
9DITO,CelIguTreMic,CelIgu,134.3,pollinator,0
9DITO,CelIguTreMic,CelIgu,134.3,predator,0
9DITO,TreMic,TreMic,0,ant,0
9DITO,TreMic,TreMic,0,herbivore,0
9DITO,TreMic,TreMic,0,phloem_feeder,3
9DITO,TreMic,TreMic,0,pollinator,0
9DITO,TreMic,TreMic,0,predator,0
10JG,AcnArb,AcnArb,0,ant,1
10JG,AcnArb,AcnArb,0,herbivore,0
10JG,AcnArb,AcnArb,0,phloem_feeder,0
10JG,AcnArb,AcnArb,0,pollinator,0
10JG,AcnArb,AcnArb,0,predator,0
10JG,AcnArbCapBac,AcnArb,35.1,ant,2
10JG,AcnArbCapBac,AcnArb,35.1,herbivore,3
10JG,AcnArbCapBac,AcnArb,35.1,phloem_feeder,6
10JG,AcnArbCapBac,AcnArb,35.1,pollinator,0
10JG,AcnArbCapBac,AcnArb,35.1,predator,0
10JG,AcnArbCapBac,CapBac,35.1,ant,0
10JG,AcnArbCapBac,CapBac,35.1,herbivore,0
10JG,AcnArbCapBac,CapBac,35.1,phloem_feeder,1
10JG,AcnArbCapBac,CapBac,35.1,pollinator,0
10JG,AcnArbCapBac,CapBac,35.1,predator,0
10JG,AcnArbCasDec,AcnArb,247.5,ant,0
10JG,AcnArbCasDec,AcnArb,247.5,herbivore,2
10JG,AcnArbCasDec,AcnArb,247.5,phloem_feeder,1
10JG,AcnArbCasDec,AcnArb,247.5,pollinator,0
10JG,AcnArbCasDec,AcnArb,247.5,predator,0
10JG,AcnArbCasSyl,AcnArb,247.5,ant,1
10JG,AcnArbCasSyl,AcnArb,247.5,herbivore,2
10JG,AcnArbCasSyl,AcnArb,247.5,phloem_feeder,4
10JG,AcnArbCasSyl,AcnArb,247.5,pollinator,0
10JG,AcnArbCasSyl,AcnArb,247.5,predator,0
10JG,AcnArbCasSyl,CasSyl,247.5,ant,0
10JG,AcnArbCasSyl,CasSyl,247.5,herbivore,0
10JG,AcnArbCasSyl,CasSyl,247.5,phloem_feeder,1
10JG,AcnArbCasSyl,CasSyl,247.5,pollinator,0
10JG,AcnArbCasSyl,CasSyl,247.5,predator,0
10JG,AcnArbCelIgu,AcnArb,247.5,ant,1
10JG,AcnArbCelIgu,AcnArb,247.5,herbivore,1
10JG,AcnArbCelIgu,AcnArb,247.5,phloem_feeder,4
10JG,AcnArbCelIgu,AcnArb,247.5,pollinator,0
10JG,AcnArbCelIgu,AcnArb,247.5,predator,0
10JG,AcnArbTreMic,AcnArb,247.5,ant,1
10JG,AcnArbTreMic,AcnArb,247.5,herbivore,1
10JG,AcnArbTreMic,AcnArb,247.5,phloem_feeder,6
10JG,AcnArbTreMic,AcnArb,247.5,pollinator,0
10JG,AcnArbTreMic,AcnArb,247.5,predator,0
10JG,All,AcnArb,460.6,ant,0
10JG,All,AcnArb,460.6,herbivore,0
10JG,All,AcnArb,460.6,phloem_feeder,2
10JG,All,AcnArb,460.6,pollinator,0
10JG,All,AcnArb,460.6,predator,0
10JG,All,CapBac,460.6,ant,0
10JG,All,CapBac,460.6,herbivore,1
10JG,All,CapBac,460.6,phloem_feeder,0
10JG,All,CapBac,460.6,pollinator,0
10JG,All,CapBac,460.6,predator,0
10JG,All,CasDec,460.6,ant,0
10JG,All,CasDec,460.6,herbivore,0
10JG,All,CasDec,460.6,phloem_feeder,1
10JG,All,CasDec,460.6,pollinator,0
10JG,All,CasDec,460.6,predator,0
10JG,All,CasSyl,460.6,ant,0
10JG,All,CasSyl,460.6,herbivore,0
10JG,All,CasSyl,460.6,phloem_feeder,1
10JG,All,CasSyl,460.6,pollinator,0
10JG,All,CasSyl,460.6,predator,1
10JG,All,TreMic,460.6,ant,0
10JG,All,TreMic,460.6,herbivore,0
10JG,All,TreMic,460.6,phloem_feeder,1
10JG,All,TreMic,460.6,pollinator,1
10JG,All,TreMic,460.6,predator,0
10JG,CapBac,CapBac,0,ant,0
10JG,CapBac,CapBac,0,herbivore,2
10JG,CapBac,CapBac,0,phloem_feeder,4
10JG,CapBac,CapBac,0,pollinator,1
10JG,CapBac,CapBac,0,predator,0
10JG,CapBacCasSyl,CapBac,247.5,ant,0
10JG,CapBacCasSyl,CapBac,247.5,herbivore,0
10JG,CapBacCasSyl,CapBac,247.5,phloem_feeder,1
10JG,CapBacCasSyl,CapBac,247.5,pollinator,0
10JG,CapBacCasSyl,CapBac,247.5,predator,0
10JG,CapBacCelIgu,CelIgu,247.5,ant,0
10JG,CapBacCelIgu,CelIgu,247.5,herbivore,0
10JG,CapBacCelIgu,CelIgu,247.5,phloem_feeder,1
10JG,CapBacCelIgu,CelIgu,247.5,pollinator,0
10JG,CapBacCelIgu,CelIgu,247.5,predator,0
10JG,CapBacTreMic,TreMic,247.5,ant,1
10JG,CapBacTreMic,TreMic,247.5,herbivore,1
10JG,CapBacTreMic,TreMic,247.5,phloem_feeder,4
10JG,CapBacTreMic,TreMic,247.5,pollinator,0
10JG,CapBacTreMic,TreMic,247.5,predator,0
10JG,CasDecCelIgu,CelIgu,231.6,ant,1
10JG,CasDecCelIgu,CelIgu,231.6,herbivore,0
10JG,CasDecCelIgu,CelIgu,231.6,phloem_feeder,0
10JG,CasDecCelIgu,CelIgu,231.6,pollinator,0
10JG,CasDecCelIgu,CelIgu,231.6,predator,0
10JG,CasDecTreMic,CasDec,231.6,ant,0
10JG,CasDecTreMic,CasDec,231.6,herbivore,0
10JG,CasDecTreMic,CasDec,231.6,phloem_feeder,0
10JG,CasDecTreMic,CasDec,231.6,pollinator,0
10JG,CasDecTreMic,CasDec,231.6,predator,1
10JG,CasDecTreMic,TreMic,231.6,ant,0
10JG,CasDecTreMic,TreMic,231.6,herbivore,0
10JG,CasDecTreMic,TreMic,231.6,phloem_feeder,1
10JG,CasDecTreMic,TreMic,231.6,pollinator,0
10JG,CasDecTreMic,TreMic,231.6,predator,0
10JG,CasSyl,CasSyl,0,ant,0
10JG,CasSyl,CasSyl,0,herbivore,0
10JG,CasSyl,CasSyl,0,phloem_feeder,1
10JG,CasSyl,CasSyl,0,pollinator,0
10JG,CasSyl,CasSyl,0,predator,0
10JG,CasSylTreMic,TreMic,231.6,ant,0
10JG,CasSylTreMic,TreMic,231.6,herbivore,0
10JG,CasSylTreMic,TreMic,231.6,phloem_feeder,1
10JG,CasSylTreMic,TreMic,231.6,pollinator,0
10JG,CasSylTreMic,TreMic,231.6,predator,0
10JG,CelIgu,CelIgu,0,ant,1
10JG,CelIgu,CelIgu,0,herbivore,1
10JG,CelIgu,CelIgu,0,phloem_feeder,0
10JG,CelIgu,CelIgu,0,pollinator,0
10JG,CelIgu,CelIgu,0,predator,0
